FECHA,FOLIO,CODIGO,MATERIAL,UNIDAD, CANTIDAD , P.UNIT , IMPORTE 
02/01/2026,315,2,ADHESIVO PEGABLOCK SACO DE 40KG,SACOS,654,,
25/06/2025,102,4,ADOCRETO RECTANGULAR 20X10X6 CM,PZA,7660,,
05/12/2025,298,5,ADHESIVO PORCELANICO GRIS SACO 20 KGS,SACOS,441,,
05/12/2025,158,6,AEROSOL ROJO,PZA,16,,
25/10/2025,250,7,ALAMBRE DE COBRE DESNUDO CAL 4,KG,66,,
25/10/2025,308,8,ALAMBRE RECOCIDO,KG,325,,
05/12/2025,294,9,ALAMBRON,KG,500,,
05/12/2025,0253 - 0157 - 0317 ,11,BARROTES ESTRUCTURALES,PZA,245,,
05/11/2025,265,13,BOVEDILLA DE POLIETILENO ,PZA,90,,
05/11/2025,0297 - S/N,14,CAL SACO DE 25 KG,SACOS,846,,
29/10/2025,254,17,CLAVO 2 1/2 MADERA,KG,185,,
02/06/2025,72,18,"CLAVO 2 1/2"" CONCRETO",KG,65,,
02/06/2025,0308B,19,"CLAVO DE 4"" MADERA",KG,175,,
31/01/2025,S/N,20,DESMOLDANTE PARA CONCRETO,CUBETA,3,,
21/11/2025,281,25,MALLA ELECTROSOLDADA,ROLLOS,9,,
31/01/2025,n/a,26,MONTENES,PZA,100,,
19/12/2025,0305 - 0316,203,MORTERO SACO DE 25 KG,SACOS,299,,
26/09/2025,213,3,MORTERO SACO DE 50KG,SACOS,49,,
25/07/2025,139,29,PERFIL TUBULAR GALV 2 X 1 1/2,PZA,1,,
26/10/2025,227,30,PERFIL TUBULAR GALV 4 X 1 1/2,PZA,15,,
21/11/2025,279,32,PLASTICO NEGRO,ROLLO,6,,
19/12/2025,317,34,POLINES,PZA,114,,
23/12/2025,329,207,POLVO DE PIEDRA,M3,14,,
30/05/2025,74,35,REJILLA 3/16 X 1 1/4 TIPO IRVING,PZA,31,,
07/11/2025,260,38,ESTUCO SACO DE 40 KG,SACOS,250,,
19/12/2025,317A,40,TRIPLAY CIMBRAPLAY DE 1.22X2.44X16 MM ,PZA,62,,
25/07/2025,140,41,"TUBERIA PVC SANITARIA 100MM 4""",PZA,9,,
25/07/2025,140A,42,"TUBERIA PVC SANITARIA 50MM 2""",PZA,10,,
25/07/2025,140B,44,TUBERIA PVC-HID RD21 O RD26 19MM 3/4,PZA,7,,
25/07/2025,140C,45,"TUBERIA PVC PESADO DE 1 1/2"" 3 METROS",PZA,10,,
23/07/2025,89 - 108 - 140 - 174,46,"TUBO PAD 2"" ROLLO DE 100 MTR COLOR ROJO",PZA,66,,
13/08/2025,174,48,"POLIDUCTO AZUL 3/4"" MARCA TUPSSAFLEX",ROLLO,566,,
21/11/2025,201 - 308,49,"VARILLA DE 1/2""",PZA,168,,
12/09/2025,200,50,"VARILLA DE 3/8""",PZA,241,,
21/11/2025,281A,51,"VARILLA DE 5/8""",PZA,66,,
15/08/2025,170,54,REGISTRO DE CONCRETO PARA ALUMBRADO 40X40X40CM ,PZA,87,,
15/08/2025,170A,55,REGISTRO DE CONCRETO PARA ALUMBRADO 33X33X40 CM,PZA,202,,
30/07/2025,149,56,CAJA PARA LLAVE DE BANQUETA (BOTA CORTA) SIMEX,PZA,860,,
13/03/2025,2,59,LAVABO SOBREPONER MOREA BLANCO,PZA,4,,
19/12/2025,320,62,MASILLA FINA PERDURA,SACOS,157,,
07/11/2025,263,65,TUBO RAMAL 20 MM AGUA POTABLE,ROLLO,30,,
13/08/2025,169,66,"TUBERIA PVC HIDRAULICO DE 150MM 6"" DIAMETRO RD-32.5",PZA,197,,
30/07/2025,149A,67,"CONECTORES DE 20 MM ADAPTADOR DE PLASTICO MACHO PARA TUBO PAD DE 1/2""",PZA,1953,,
30/07/2025,149B,68,"VALVULAS PARA BANQUETA O LLAVE DE BRONCE DE BANQUETA DE 1/2""",PZA,901,,
30/07/2025,149C,69,"TEE DE PVC HIDRAULICO DE 4"" X 4"" DE DIAMETRO",PZA,39,,
30/07/2025,149D,70,"CODOS DE 45° DE 4"" PARA RED DE AGUA POTABLE PVC CON LIGA (CODO HID ANGER SI 45G X 100MM*)",PZA,26,,
30/07/2025,149E,71,"CRUZ DE 6"" PARA RED DE AGUA POTABLE PVC",PZA,5,,
30/07/2025,149F,73,"YEE 4"" PARA DRENAJE PVC SERIE 25",PZA,200,,
30/07/2025,149G,74,"REDUCCION DE 8"" A 4"" PVC DRENAJE SERIE 25",PZA,399,,
30/07/2025,149H,75,"REDUCCION DE 6"" A  4"" PVC PARA RED DE AGUA POTABLE",PZA,19,,
30/07/2025,149I,76,"VALVULA DE SECCIONAMIENTO DE COMPUERTA DE VASTAGO FIJO DE 4""",PZA,14,,
30/07/2025,149J,77,"VALVULA DE SECCIONAMIENTO DE COMPUERTA DE VASTAGO FIJO DE 10""",PZA,3,,
13/08/2025,173,78,"REDUCCION CONCENTRICAA BRIGADA FOFO DE 6"" X 4"" SIMEX",PZA,1,,
13/08/2025,173A,79,CRUZ 6 X 4 FOFO,PZA,1,,
13/08/2025,173B,80,"TEE BRIGADA FOFO DE 4"" X 4"" SIMEX",PZA,2,,
13/08/2025,163,83,COLADERA URREA PVC SALIDA LATERAL REJILLA CROMADA,PZA,4,,
13/08/2025,163A,86,MONOMANDO LAVABO FERRARA LARGA RECTA CROMO,PZA,4,,
07/11/2025,262B,87,PISO LAMOSA ONICE FD GRIS 33X33 LMINNUE13CI ,CAJAS,35,,
25/07/2025,108,212,"TUBERIA PAD 3"" COLOR ROJO TUPSAFLEX",ROLLO,95,,
25/07/2025,89,88,"TUBO PAD 2"" ROLLO DE 100 MTR COLOR AZUL C/GUIA",PZA,39,,
24/09/2025,219,89,WALL CLADING 99 X 14 X 2900MM CAJA CON 12 PZAS,CAJAS,71,,
30/07/2025,148,90,WALL CLADING 99 X 12 X 2900MM CAJA CON 14 PZAS,CAJAS,20,,
13/08/2025,169A,91,"MANGA DE EMPOTRAR PARA TUBERIA DE PVC ALCANTARILLADO DE 8""",PZA,178,,
13/08/2025,169B,92,"MANGA DE EMPOTRAR PARA TUBERIA DE PVC ALCANTARILLADO DE 10""",PZA,27,,
13/08/2025,169C,93,YEE DE PVC ALCANTARILLADO DE 200 X 150MM,PZA,829,,
26/11/2025,286,94,"TUBO ALCANTARILLADO SERIE 25 6"" 160MM 6ML",PZA,122,,
13/08/2025,286A,95,"TUBO ALCANTARILLADO SERIE 25 8"" 200MM 6 ML",PZA,408,,
13/08/2025,169D,96,"TUBO ALCANTARILLADO SERIE 25 10"" 250MM 6ML",PZA,97,,
13/08/2025,169E,97,"CODO ALCANTARILLADO 45° 150MM 6""",PZA,1500,,
13/08/2025,169G,98,"COPLE PVC ALCANTARILLADO 200 MM 8""",PZA,142,,
13/08/2025,169H,99,"COPLE PVC ALCANTARILLADO 250 MM 10""",PZA,20,,
13/08/2025,169I,100,"REDUCCION PVC SANIT 4"" X 2""",PZA,646,,
15/08/2025,170B,213,TAPA GALV CONCRETO 40X40CM,PZA,173,,
15/08/2025,170C,214,TAPA GALV CONCRETO 33X33CM,PZA,202,,
26/06/2025,S/N1,215,BRAZOS DE POSTES,PZA,600,,
26/06/2025,S/N2,216,MENSULAS,PZA,206,,
26/06/2025,S/N3,217,POSTES,PZA,670,,
26/06/2025,169K,101,COPLE SANITARIO CEMENTAR 110MM,PZA,646,,
13/08/2025,169L,102,LUBRICANTE PARA PVC MEDIO LITRO,PZA,24,,
13/08/2025,169F,103,"TUBERIA PVC HIDRAULICO DE 100MM 4"" DIAMETRO RD-32.5",PZA,196,,
13/08/2025,169M,105,"TUBERIA PVC HIDRAULICO DE 250MM 10"" DIAMETRO RD-32.5",PZA,252,,
13/08/2025,169N,106,"ABRAZADERA DE PVC HIDRAULICO DE 4"" X 1/2"" DE DIAMETRO",PZA,1484,,
13/08/2025,169O,107,"ABRAZADERA DE PVC HIDRAULICO DE 6"" X 1/2"" DE DIAMETRO",PZA,4,,
13/08/2025,169P,108,"ABRAZADERA DE PVC HIDRAULICO DE 6"" X 3/4"" DE DIAMETRO",PZA,25,,
13/08/2025,169Q,109,"ABRAZADERA DE PVC HIDRAULICO DE 10"" X 3/4"" DE DIAMETRO",PZA,24,,
13/08/2025,169R,110,"CODO DE PVC HIDRAULICO DE 22° X 10"" DE DIAMETRO",PZA,7,,
13/08/2025,169S,111,"CODO DE PVC HIDRAULICO DE 22° X 4"" DE DIAMETRO",PZA,8,,
13/08/2025,169T,112,"CODO DE PVC HIDRAULICO DE 45° X 4"" DE DIAMETRO",PZA,1,,
13/08/2025,169U,113,"CODO DE PVC HIDRAULICO DE 90° X 4"" DE DIAMETRO",PZA,8,,
13/08/2025,169A1,114,"REDUCCION PVC HIDRAULICO DE 8"" X 6"" DE DIAMETRO",PZA,1,,
13/08/2025,169A2,116,"TEE DE PVC HIDRAULICO DE 8"" X 6"" DE DIAMETRO",PZA,1,,
13/08/2025,169A3,117,"TAPON CAMPANA PVC HIDRAULICO DE 4"" DE DIAMETRO",PZA,18,,
13/08/2025,169A4,118,"TAPON CAMPANA PVC HIDRAULICO DE 6"" DE DIAMETRO",PZA,637,,
13/08/2025,169A5,119,"TAPON CAMPANA PVC HIDRAULICO DE 10"" DE DIAMETRO",PZA,1,,
13/08/2025,169A6,120,BOTA LARGA FOFO P/LLAVE DE BANQUETA,PZA,400,,
15/08/2025,170D,121,REGISTRO DE CONCRETO PARA BAJA TENSION CFE-RBTB-1 CON TAPA,PZA,4,,
15/08/2025,170E,122,REGISTRO PARA TRANSFORMADOR TIPO CFE-BTMRMTB-3 CON TAPA,PZA,2,,
15/08/2025,170F,123,REGISTRO DE CONCRETO PARA BAJA TENSION MARCA CENMEX CFE-RBTB-2 CON TAPA,PZA,113,,
15/08/2025,171,124,CS-300 FREGADERO CLASICO DE SUBMONTAR DE UNA TINA,PZA,11,,
15/08/2025,172,125,"WC VENUS 2"" INCLUYE ASIENTO SISTEMA DOBLE DESCARGA BLANCO",PZA,28,,
15/08/2025,172A,126,LAVABO SOBREPONER ERIE PRO CERAMICA ESMALTADA,PZA,28,,
19/12/2025,328,129,CEMENTO GRIS HOLCIM 25KG,SACOS,961,,
30/07/2025,149a8,130,"CRUZ 4"" PARA RED DE AGUA POTABLE PVC CON LIGA",PZA,18,,
30/07/2025,149A9,131,"YEE 8"" PARA DRENAJE PVC SERIE 25",PZA,190,,
10/09/2025,205,132,POZO DE VISITA DE MALLA FC 250 KG/CM2 DE 1.20 MTS DE DIAMETRO Y 1.25 MTS ,PZA,43,,
10/09/2025,205A,133,POZO DE VISITA DE MALLA FC 250 KG/CM2 DE 1.20 MTS DE DIAMETRO Y 1.50 MTS ,PZA,6,,
10/09/2025,205B,134,POZO DE VISITA DE MALLA FC 250 KG/CM2 DE 1.20 MTS DE DIAMETRO Y 1.75 MTS ,PZA,6,,
12/09/2025,205C,135, POZO DE VISITA DE MALLA FC 250 KG/CM2 DE 1.20 MTS DE DIAMETRO Y 2.00 MTS ,PZA,2,,
12/09/2025,205D,136,POZO DE VISITA DE MALLA FC 250 KG/CM2 DE 1.20 MTS DE DIAMETRO Y 2.50 MTS ,PZA,1,,
05/12/2025,300,202, PIEDRA NEGRA DURANGO,M2,30,,
26/09/2025,216,140,YEE SENCILLA ALCANTARILLADO HID 45G 160X160 INTECTADO CXCXC,PZA,83,,
02/10/2025,227A,142,"PERFIL TUBULAR GALV 3"" X 1 1/2""",PZA,1,,
02/10/2025,CC,143,"CODO 90 PVC-HID CEM 38MM 1 1/2"" ",PZA,2,,
02/10/2025,228,144,TABLA 25 CM,PZA,3,,
02/10/2025,229,267,REGISTRO POLIMERICO PARA REDES TELEFONICAS L2T ,PZA,20,,
17/12/2025,322,145,IMPERCOOL FIBRATADO 7 AÑOS BLANCO 19 LTS,CUBETAS,15,,
19/11/2025,278,147,ASFALCRETO A (CIMENTACION COLOR NEGRO),CUBETAS,67,,
28/10/2025,256,148,TAPA DE CONCRETO POLIMERICO 66X100CM CFE PARA TORNILLO BANQUETA,PZA,153,,
28/10/2025,256A,149,TAPA DE CONCRETO POLIMERICO 50X60CM PARA REGISTRO DE FIBRA DE VIDRIO L1T AL L4T,PZA,44,,
28/10/2025,257,150,BASE DE CONCRETO PIRAMIDAL 40X75X70CM CON ANCLA GALV POR ELECTROLISIS 19CM DEL CENTRO DEL TORNILLO AL CENTRO,PZA,6,,
28/10/2025,258,151,MARCO CON TAPA AP 50X50CM DE 80KG  SIMEX,PZA,32,,
28/10/2025,258A,152,CONTRAMARCO S/C DE 4 X 1.10M COVT-2,PZA,8,,
28/10/2025,258B,153,CONTRAMARCO S/C DE 4 X 1.10M COVT-5,PZA,8,,
28/10/2025,258C,154,CONTRAMARCO S/C DE 6 X 1.80M COVT-7,PZA,4,,
28/10/2025,258D,155,CONTRAMARCO S/C DE 4 X 1.80M COVT-12,PZA,4,,
28/10/2025,258E,156,CONTRAMARCO DOBLE DE 4 X 11.80M,PZA,4,,
28/10/2025,263A,157,"COPLE REPARACION HID SI 100MM4""",PZA,27,,
28/10/2025,263B,158,"COPLE REPARACION ALCANTARILLADO HID ANGER 160MM 6""",PZA,27,,
10/12/2025,311,201,CABLE DE ALUMINIO XLP TRIPLEX 600V (2+1) CAL 4 METRO,MTR,100,,
10/12/2025,149L,159,"CODO 45° PVC DE 4"" PARA DRENAJE SERIE 25",PZA,325,,
24/09/2025,215,160,METAL DESPLEGADO FALSO PLAFON 22,ROLLO,2,,
24/09/2025,290,161,PINTURA VINILICA FACILITA BLANCO,CUBETAS,20,,
10/12/2025,207,162,"FELPAS PARA EXTENSIÓN DE RODILLO DE 9"" X 1 1/4""",PZA,25,,
03/12/2025,299,163,DISCO DE CORTE PARA PORCELANATO,PZA,3,,
10/12/2025,307,164,"BROCHA 4""",PZA,26,,
10/12/2025,309,198, THINNER,LTR,19,,
26/11/2025,282,165,TINACO ROTOPLAS 1100 LTR,PZA,13,,
03/12/2025,298A,166, BOQUILLA SELLADOR INT. ANTIQUE SACO 10 KGS,SACOS,22,,
26/11/2025,283,167,SEPARADORES DE 2MM DE LOSETAS,BOLSAS,2,,
17/12/2025,323,195, BERELINTE BLANCO 19 LTS MATE CUB,CUBETAS,35,,
17/12/2025,323A,197,SELLADOR VINILICO 19 LTS,CUBETAS,12,,
17/12/2025,322A,208,IMPERCOOL SELLADOR ACRILICO PROMOCION 3.8 LTS GAL,GALON,20,,
17/12/2025,S/N10,218,"POLIDUCTO NARANJA 1"" MARCA TUPSSAFLEX",ROLLO,3,,
17/12/2025,S/N11,219,"TUBO PAD 4"" COLOR ROJO",ROLLO,3,,
17/12/2025,323C,196, BERELINTE BLANCO 19 LTS MATE GAL,GALON,50,,
23/12/2025,332,220, ESPONJAS AMARILLAS USO RUDO,PZA,14,,
23/12/2025,332A,221,ESCOBAS,PZA,10,,
23/12/2025,S/N12,222,LAMPARA GREEN WELL 277V 50W,PZA,37,,
23/11/2025,S/N CC,168,"CINTA TEFLON 1/2""",PZA,47,,
30/12/2025,333,223,TABLACEMENTO DUROCK 1/2 4 X 8,PZA,5,,
17/12/2025,324,224,COLADERA HELVEX FOFO REJ CUADRADA 24CH,PZA,28,,
19/12/2025,318,283,COPLE UNION DE COMPRESION 20MM / 61908 - X701020N (AGUA POTABLE),PZA,65,,
19/12/2025,318A,284,EXTREMIDAD CAMPANA HID ANGER SI 100MM,PZA,10,,
23/12/2025,330,225,"TUBO PVC PESADO DE 1 1/4"" 32 MM ",PZA,667,,
23/12/2025,330A,226,CODO CONDUIT PESADO 32MM,PZA,200,,
29/12/2025,335,227,KIMIPLASTER (BOLSA 20KG) KIMICOLOR GRIS OPICHEN,SACOS,50,,
29/12/2025,335A,228,KIMIBOND ADHESIVO PARA UNIR CONCRETO,CUBETAS,1,,
23/12/2025,330C,230,PEGAMENTO OATEY PVC 473ML,PZA,20,,
05/01/2026,330B,229,SELLADORES DE ROSCA 118ML,PZA,10,,
11/12/2025,S/N-11,219,"TUBO PAD 4"" COLOR ROJO",ROLLO,63,,
29/12/2025,333A,207,POLVO DE PIEDRA,M3,35,,
02/01/2026,333B,24,GRAVA DE PIEDRA,M3,35,,
29/12/2025,333C,231,GRAVILLA,M3,14,,
29/12/2025,333D,21,ESCOMBRO FINO,M3,30,,
29/12/2025,334,199,BLOCK 15 X 20 X 40,PZA,8400,,
10/12/2025,310,209,PIEDRA CHAPA,M3,156,,
06/01/2026,337,207,POLVO DE PIEDRA,M3,28,,
06/01/2026,337A,24,GRAVA DE PIEDRA,M3,28,,
06/01/2026,337B,21,ESCOMBRO FINO,M3,28,,
06/01/2026,338,232,BOVEDILLA DE 30 X 25 X 56,PZA,30,,
05/01/2026,CAJA CHICA 1,248,"RODILLO PARA PINTAR 9"" X 1 1/4""",PZA,1,,
05/01/2026,CAJA CHICA 2,249,"REPUESTO RODILLO 3/4""",PZA,1,,
05/01/2026,CAJA CHICA 3,162,"FELPAS PARA EXTENSIÓN DE RODILLO DE 9"" X 1 1/4""",PZA,2,,
05/01/2026,CAJA CHICA 4,249,"REPUESTO RODILLO 3/4""",PZA,1,,
05/01/2026,CAJA CHICA 5,250,ANGULO DE AMARRE CAL 26,PZA,7,,
05/01/2026,CAJA CHICA 6,251,TORNILLO TIPO S 6X1,PZA,1,,
05/01/2026,CAJA CHICA 7,252,BATERIA DURALST 12V,PZA,1,,
06/01/2026,CAJA CHICA 8,233,"CINCEL DE CORTE 3/4""",PZA,3,,
06/01/2026,CAJA CHICA 9,234,LUMINARIA EMPOTRAR LISO RED 330/BMR,PZA,30,,
06/01/2026,CAJA CHICA 10,235,LAMPARA LED 6W 3000K TECNOLITE,PZA,30,,
06/01/2026,CAJA CHICA 11,236,"TEE CPVC CTS CEM 19MM 3/4""",PZA,20,,
06/01/2026,CAJA CHICA 12,237,"TEE REDUCIDA CPVC 3/4""X3/4""X1/2""",PZA,10,,
06/01/2026,CAJA CHICA 13,238,RED BUSH CPVC CTS 19 A 13MM,PZA,20,,
06/01/2026,CAJA CHICA 14,239,"ADAPTADOR MACHO CPVC 1/2""",PZA,20,,
06/01/2026,CAJA CHICA 15,240,"CODO OREJA 90 CPVC 1/2""",PZA,20,,
06/01/2026,CAJA CHICA 16,188,"CODO 90 GRADOS CPVC 13MM 1/2""",PZA,20,,
06/01/2026,CAJA CHICA 17,187,"CODO 90 GRADOS CPVC 3/4""",PZA,10,,
06/01/2026,CAJA CHICA 18,241,"CODO 45 GRADOS CPVC 1/2""",PZA,10,,
06/01/2026,CAJA CHICA 19,242,"CODO 45 GRADOS CPVC 3/4""",PZA,20,,
06/01/2026,CAJA CHICA 20,243,"COPLE CPVC 13MM 1/2""",PZA,20,,
06/01/2026,CAJA CHICA 21,244,"COPLE CPVC 19MM 3/4""",PZA,20,,
06/01/2026,CAJA CHICA 22,53,"YEE PVC SANIT 50MM 2""",PZA,5,,
06/01/2026,CAJA CHICA 23,245,"ADAPTADOR GAL ESPIGA SANIT 2"" MACHO",PZA,30,,
06/01/2026,CAJA CHICA 24,246,"CODO 45° 50MM 2"" SANITARIO",PZA,20,,
06/01/2026,CAJA CHICA 25,183,"CODO 90 PVC SANIT 50MM 2""",PZA,20,,
06/01/2026,CAJA CHICA 26,247,PLACA 6204W + CONTACTO 6288W PAQ ROYER,PZA,20,,
17/12/2025,327,253,CABLE THW #10 NEGRO IUSA,MTR,720,,
17/12/2025,327A,254,CABLE THW #12 BLANCO IUSA,MTR,360,,
06/01/2026,338A,199,BLOCK 15 X 20 X 40,PZA,4200,,
06/01/2026,339,255,GRANITO SAN GABRIEL 3.05 X 1.95,PZA,7,,
06/01/2026,340,63,PISO CERAMICO MODELO BRERA GRIS 60 X 60 CM MARCA INTERCERAMIC,CAJAS,25,,
06/01/2026,341,146,POLIESTER REFORZADO DE 68GRS 1.10X100MTR,ROLLOS,5,,
08/01/2026,342,21,ESCOMBRO FINO,M3,90,,
09/01/2026,345,21,ESCOMBRO FINO,M3,56,,
10/01/2026,344,21,ESCOMBRO FINO,M3,90,,
12/01/2026,CAJA CHICA 27,257,"CODO 90 PVC SANIT 75MM 3""",PZA,4,,
12/01/2026,CAJA CHICA 27-1,43,"TUBERIA PVC SANITARIA 75MM 3""",PZA,5,,
12/01/2026,343,207,POLVO DE PIEDRA,M3,28,,
12/01/2026,343B,21,ESCOMBRO FINO,M3,30,,
29/12/2025,CAJA CHICA 28,204,COMBUSTIBLE,LTR,143.5,,
12/01/2026,343A,24,GRAVA DE PIEDRA,M3,14,,
13/01/2026,CAJA CHICA 29,204,COMBUSTIBLE,LTR,62.5,,
13/01/2026,CAJA CHICA 29-1,204,COMBUSTIBLE,LTR,104.2,,
19/01/2026,1175A,204,COMBUSTIBLE,LTR,1,,
13/01/2026,CAJA CHICA 30-1,266,TEE CPVC CEM 13 MM ,PZ,30,,
13/01/2026,CAJA CHICA 30-2,258,TAPON CAPUCHA CPVC CTS CEM 13MM,PZ,30,,
13/01/2026,CAJA CHICA 30-3,230,PEGAMENTO OATEY PVC 473ML,PZ,1,,
13/01/2026,CAJA CHICA 30-4,259,"CIFA BOTE PVC SANIT 22 50 X 50MM 2"" X 2""",PZ,1,,
13/01/2026,CAJA CHICA 31,260,BICOLOR SECURITY,PZ,2,,
13/01/2026,CAJA CHICA 31-1,246,"CODO 45° 50MM 2"" SANITARIO",PZ,10,,
13/01/2026,CAJA CHICA 31-2,183,"CODO 90 PVC SANIT 50MM 2""",PZ,10,,
13/01/2026,CAJA CHICA 32,266,TEE CPVC CEM 13 MM ,PZ,30,,
13/01/2026,CAJA CHICA 32-1,261,TAPON CAPUCHA CPVC CTS CEM 19MM,PZ,30,,
13/01/2026,CAJA CHICA 32-2,262,"CODO 45 PVC-HID 19MM 3/4""",PZ,20,,
13/01/2026,CAJA CHICA 32-3,263,CODETE CPVC CTS 13MM 1/2,PZ,20,,
13/01/2026,CAJA CHICA 33,264,CONO DE PRECAUCIÓN 4°,PZ,4,,
13/01/2026,CAJA CHICA 33-1,265,CONO DE PRECAUCIÓN 4.5°,PZ,4,,
14/01/2026,CAJA CHICA 36,268,TOALLA MICROFIBRA,PZ,4,,
14/01/2026,CAJA CHICA 36-1,269,JERGA POP,PZ,2,,
14/01/2026,CAJA CHICA 36-2,270,FIBRA CON ESPONJA ,PZ,3,,
14/01/2026,CAJA CHICA 36-3,271,REGOGEDOR ,PZ,1,,
14/01/2026,CAJA CHICA 36-4,272,LIMPIADOR LIQUIDO ,PZ,2,,
14/01/2026,CAJA CHICA 36-5,273,ESPATULA PRETUL ,PZ,2,,
14/01/2026,CAJA CHICA 36-5,274,ATOMIZADOR,PZ,2,,
14/01/2026,346,275,CEMENTO GRIS HOLCIM 50KG,SACOS,200,,
14/01/2026,347,256, YESO SUPREMO SACO DE 40 KG,SACOS,5,,
14/01/2026,348,200,ARMEX 15-15-4,PZA,50,,
14/01/2026,349,63,PISO CERAMICO MODELO BRERA GRIS 60 X 60 CM MARCA INTERCERAMIC,CAJAS,40,,
14/01/2026,350,205,CONCRETO CONVENCIONAL-200KG/CM2-28DIASTMA20MM-REV14CM-BOM-ADT,M3,28,,
14/01/2026,350A,206,SERVICIO DE BOMBA PLUMA 36 METROS ,M3,28,,
14/01/2026,351,276,BROCAL CIEGO LIGERO 85KG HIERRO DUCTIL MARCA SIMEX CAP DE CARGA 40 TON,PZA,30,,
14/01/2026,352,277,INTERRUPTOR TERMOMAGNETICO SQ 1 POLO 15A (QO115),PZA,16,,
14/01/2026,352A,278,INTERRUPTOR TERMOMAGNETICO SQ 1 POLO 20A (QO120),PZA,16,,
14/01/2026,352B,279,PLACA 1 MOD BLANCO C/CHASIS SIMON 25,PZA,8,,
14/01/2026,352C,280,PLACA 3 MOD BLANCO C/CHASIS SIMON 25,PZA,4,,
14/01/2026,352 F,312,PLACA 6204W + CONTACTO,PZA,16,,
14/01/2026,352D,281,PLACA CIEGA BLANCO C/CHASIS SIMON 25,PZA,4,,
14/01/2026,352E,282,INTERRUPTOR SENCILLO 15A 127VCA,PZA,20,,
19/01/2026,CAJA CHICA 37,285,TORNILLO 1/2 X 1 ,PZ,64,,
19/01/2026,353,207,POLVO DE PIEDRA,M3,42,,
19/01/2026,353A,24,GRAVA DE PIEDRA,M3,28,,
19/01/2026,353B,21,ESCOMBRO FINO,M3,30,,
18/12/2025,GRUAS CHALE,122,REGISTRO PARA TRANSFORMADOR TIPO CFE-BTMRMTB-3 CON TAPA,PZA,10,,
19/12/2025,GRUAS CHALE 1,122,REGISTRO PARA TRANSFORMADOR TIPO CFE-BTMRMTB-3 CON TAPA,PZA,15,,
19/01/2026,GRUAS CHALE 3,122,REGISTRO PARA TRANSFORMADOR TIPO CFE-BTMRMTB-3 CON TAPA,PZA,14,,
19/01/2026,GRUAS CHALE 4,286,REGISTRO PARA TRANSFORMADOR TIPO CFE-BTMRMTB-4 CON TAPA,PZA,4,,
20/01/2026,CAJA CHICA ,21,ESCOMBRO FINO,M3,1,,
20/01/2026,CAJA CHICA 38,287,"CODO 90 CPVC CTS CEM 25MM 1""",PZA,20,,
20/01/2026,CAJA CHICA 38-1,288,PEGAMENTO TANGIT ROSA 240 ML ,PZA,2,,
20/01/2026,CAJA CHICA 38-2,183,"CODO 90 PVC SANIT 50MM 2""",PZA,10,,
20/01/2026,CAJA CHICA 38-3,289,"CODETE PVC SANIT 50MM 2""",PZA,10,,
20/01/2026,1182,204,COMBUSTIBLE,LTR,62.55,,
20/01/2026,CAJA CHICA 39,290,PEGAMENTO TANGIT AZUL 475 ML ,PZA,1,,
20/01/2026,CAJA CHICA 39-2,294,"COPLE PVC 13MM 1/2""",PZA,20,,
20/01/2026,CAJA CHICA 39-3,295,"COPLE PVC 19MM 3/2""",PZA,10,,
21/01/2026,CAJA CHICA 40,292,PAR DE CARBONES CALIBRE 22,PZA,1,,
21/01/2026,1186,204,COMBUSTIBLE,LTR,104.21,,
21/01/2026,CAJA CHICA 41,293,JALADOR PLASTICO ,PZA,1,,
21/01/2026,CAJA CHICA 41-2,294,JALADOR JUMBO ,PZA,1,,
21/01/2026,CAJA CHICA 41-3,270,FIBRA CON ESPONJA ,PZA,4,,
21/01/2026,CAJA CHICA 41-4,268,TOALLA MICROFIBRA,PZA,4,,
23/01/2026,354,199,BLOCK 15 X 20 X 40,PZA,1400,,
23/01/2026,355,151,MARCO CON TAPA AP 50X50CM DE 80KG  SIMEX,PZA,30,,
23/01/2026,356,140,YEE SENCILLA ALCANTARILLADO HID 45G 160X160 INTECTADO CXCXC,PZA,75,,
23/01/2026,356B,140,YEE SENCILLA ALCANTARILLADO HID 45G 160X160 INTECTADO CXCXC,PZA,125,,
23/01/2026,357,22,FILO DE SEGUETA,PZA,30,,
23/01/2026,357A,211,POLIFLEX 3/4 50mtr,ROLLO,20,,
23/01/2026,357B,324,"POLIDUCTO NARANJA LISO 1""",ROLLO,20,,
23/01/2026,357C,299,CHALUPA GALVANIZADA,PZA,50,,
23/01/2026,357D,300,CAJA REGISTRO GALVANIZADO 4X4,PZA,30,,
23/01/2026,357E,301,SOBRETAPA GALV 4 X 4,PZA,30,,
23/01/2026,359A,230,PEGAMENTO OATEY PVC 473ML,PZA,20,,
23/01/2026,359B,302,LIMPIADOR PARA PVC ,PZA,10,,
23/01/2026,360,76,"VALVULA DE SECCIONAMIENTO DE COMPUERTA DE VASTAGO FIJO DE 4""",PZA,3,,
23/01/2026,360A,303,"VALVULA DE SECCIONAMIENTO DE COMPUERTA 6""",PZA,2,,
23/01/2026,360B,284,EXTREMIDAD CAMPANA HID ANGER SI 100MM,PZA,26,,
23/01/2026,360C,304,EXTREMIDAD CAMPANA HID ANGER SI 160MM,PZA,13,,
23/01/2026,360D,305,EMPAQUE NEOPRENO PARA BRIDA 100MM,PZA,26,,
23/01/2026,360E,79,CRUZ 6 X 4 FOFO,PZA,4,,
23/01/2026,360F,307,"TEE BRIGADA FOFO DE 6"" X 6"" SIMEX",PZA,2,,
23/01/2026,360G,80,"TEE BRIGADA FOFO DE 4"" X 4"" SIMEX",PZA,4,,
23/01/2026,360H,308,"REDUCCION FOFO 6"" X 4""",PZA,4,,
23/01/2026,361,306,EMPAQUE NEOPRENO PARA BRIDA 150MM,PZA,2,,
23/01/2026,361A,81,"TORNILLO 5/8"" X 3 CAB HEX C/TCA",PZA,220,,
23/01/2026,361B,309,"TUERCA HEXAGONAL 5/8""",PZA,220,,
23/01/2026,361C,310,"TORNILLO CABEZA HEXAGONAL 9/16""",PZA,140,,
23/01/2026,361D,311,"TUERCA HEXAGONAL 9/16""",PZA,140,,
23/01/2026,361E,102,LUBRICANTE PARA PVC MEDIO LITRO,PZA,233,,
24/01/2026,358,43,"TUBERIA PVC SANITARIA 75MM 3""",PZA,3,,
24/01/2026,358A,313,"CODO 90 PVC SANIT 100 MM 4""",PZA,54,,
24/01/2026,358B,246,"CODO 45° 50MM 2"" SANITARIO",PZA,50,,
24/01/2026,358C,183,"CODO 90 PVC SANIT 50MM 2""",PZA,50,,
24/01/2026,358D,314,"COPLE PVC SANIT 50MM 2""",PZA,50,,
24/01/2026,358E,243,"COPLE CPVC 13MM 1/2""",PZA,50,,
24/01/2026,358F,266,TEE CPVC CEM 13 MM ,PZA,50,,
24/01/2026,358G,315,CARTUCHO GAS BUTANO,PZA,50,,
26/01/2026,363,207,POLVO DE PIEDRA,M3,14,,
26/01/2026,363A,24,GRAVA DE PIEDRA,M3,14,,
26/01/2026,363B,21,ESCOMBRO FINO,M3,86,,
26/01/2026,1200,204,COMBUSTIBLE,LTR,62.52,,
26/01/2026,1201,204,COMBUSTIBLE,LTR,104.21,,
27/01/2026,CAJA CHICA 42,272,LIMPIADOR LIQUIDO ,PZA,5,,
27/01/2026,CAJA CHICA 42-2,316,RECOGEDOR ,PZA,1,,
27/01/2026,CAJA CHICA 42-3,268,TOALLA MICROFIBRA,PZA,5,,
27/01/2026,CAJA CHICA 43,317,CINTA AISLANTE 3 M ,PZA,10,,
29/01/2026,357B1,43,"TUBERIA PVC SANITARIA 75MM 3""",PZA,5,,
29/01/2026,357B2,257,"CODO 90 PVC SANIT 75MM 3""",PZA,26,,
29/01/2026,366,199,BLOCK 15 X 20 X 40,PZA,7000,,
29/01/2026,367,200,ARMEX 15-15-4,PZA,100,,
29/01/2026,367A,232,BOVEDILLA DE 30 X 25 X 56,PZA,100,,
29/01/2026,364,227,KIMIPLASTER (BOLSA 20KG) KIMICOLOR GRIS OPICHEN,SACOS,40,,
29/01/2026,364A,228,KIMIBOND ADHESIVO PARA UNIR CONCRETO,CUBETAS,4,,
29/01/2026,365,5,ADHESIVO PORCELANICO GRIS SACO 20 KGS,SACOS,100,,
29/01/2026,369,158,"COPLE REPARACION ALCANTARILLADO HID ANGER 160MM 6""",PZA,50,,
29/01/2026,370,94,"TUBO ALCANTARILLADO SERIE 25 6"" 160MM 6ML",PZA,200,,
29/01/2026,371,318,CENTRO DE CARGA SQ1F 3H 12P 125A QO112L125PG,PZA,4,,
29/01/2026,371A,320,FRENTE 12 P EMP P/CARGA QO112 O QO312,PZA,4,,
29/01/2026,371B,319,CENTRO DE CARGA  SQ1F 3H 20P QO120L125G,PZA,4,,
29/01/2026,371C,321,FRENTE QOC20U100F 20 EMP CENTRO ,PZA,4,,
29/01/2026,371D,322,REGISTRO TIPO ESTANCIA 33X28,PZA,8,,
29/01/2026,371E,323,REGISTRO TIPO ESTANCIA 18X16,PZA,8,,
29/01/2026,368,13,BOVEDILLA DE POLIETILENO ,PZA,100,,
29/01/2026,CAJA CHICA-44,168,"CINTA TEFLON 1/2""",PZA,22,,
29/01/2026,CAJA CHICA-44-2,325,"CINTA TEFLON 3/4""",PZA,10,,
29/01/2026,CAJA CHICA 45,326,TANQUE HIDRONEUMATICO ,PZA,1,,
29/01/2026,CAJA CHICA 45-1,327,TERMOENCOGIBLE #10,PZA,1,,
29/01/2026,CAJA CHICA 45-2,328,MANOMETRO GLISERINA 1/4,PZA,1,,
29/01/2026,CAJA CHICA 45-3,329,NEUMATICO TERMINAL 3050 ,PZA,1,,
29/01/2026,CAJA CHICA 45-4,330,CABLE SUMERGIBLE 3X10,MTS,20,,
29/01/2026,CAJA CHICA 45-5,331,MINI-INTERRUPTOR 2 POLOS ,PZA,1,,
29/01/2026,CAJA CHICA 45-6,332,"VALVULA CHECK EVANS 2 """,PZA,1,,
29/01/2026,CAJA CHICA 45-7,333,NIPLE GALVANIZADO 2 X 3,PZA,1,,
29/01/2026,CAJA CHICA 45-8,334,BOMBA SUMERGIBLE 1 F ,PZA,1,,
29/01/2026,CAJA CHICA 46,352,HAMAQUEROS PLATA DOBLE INOX,PZA,6,,
29/01/2026,CAJA CHICA 47,335,TORNILLO 3/4 X 3,PZA,16,,
29/01/2026,CAJA CHICA 47-2,336,TUERCA HEX GALVANIZADA 3/4,PZA,16,,
29/01/2026,CAJA CHICA 47-3,337,PLACA GALVANIZADA 3/4,PZA,640,,
29/01/2026,CAJA CHICA 47-4,338,ARANDELA A PRECION 3/4,PZA,16,,
29/01/2026,CAJA CHICA 48,339,REDUCCION BUSHIN GALVANIZADO 1/2 X 1/4PZ,PZA,2,,
29/01/2026,CAJA CHICA 49,340,"MANGO DE MADERA 36"" PARA ZAPATICOS 4 A 7B",PZA,4,,
29/01/2026,CAJA CHICA 50,341,"ADAPTADOR MACHO HID 25MM 1""",PZA,2,,
29/01/2026,CAJA CHICA 50-2,282,INTERRUPTOR SENCILLO 15A 127VCA,PZA,4,,
29/01/2026,CAJA CHICA 50-3,342,PLACA 2 MODOS ROYER,PZA,2,,
29/01/2026,CAJA CHICA 51,343,"TEE PVC HID 50MM  2""",PZA,3,,
29/01/2026,CAJA CHICA 51-2,344,"CODO 90° PVC HID 50MM 2""",PZA,6,,
29/01/2026,CAJA CHICA 51-3,345,"RED BUSHING HID 50MM A 25MM 2"" A 1""",PZA,2,,
29/01/2026,CAJA CHICA 51-4,346,"RED BUSHING HID 50MM A 13MM 2"" A 1/2""",PZA,4,,
29/01/2026,CAJA CHICA 51-5,347,"TUERCA UNION PVC HID CEM 2""",PZA,4,,
29/01/2026,CAJA CHICA 51-6,348,"TUERCA UNION PVC HID CEM 1""",PZA,2,,
29/01/2026,CAJA CHICA 51-7,349,"ADAPTADOR MACHO HID 50MM 2""",PZA,2,,
29/01/2026,CAJA CHICA 51-8,350,"CODO 90° PVC HID 25MM 1""",PZA,4,,
29/01/2026,CAJA CHICA 51-9,351,"CODO 90° PVC HID 13MM 1/2""",PZA,4,,
29/01/2026,CAJA CHICA 51 - 10,350,"CODO HID 90° 1""",PZA,2,,
30/01/2026,CAJA CHICA 52,353,"RED BUSH PVC SANIT 100 A 50MM 4"" A 2""",PZA,2,,
30/01/2026,CAJA CHICA 53,354,INTERUPTOR TERMO INDUSTRIAL ,PZA,1,,
30/01/2026,CAJA CHICA 54,352,HAMAQUEROS PLATA DOBLE INOX,PZA,6,,
30/01/2026,CAJA CHICA 55,335,TORNILLO 3/4 X 3,PZA,100,,
30/01/2026,CAJA CHICA 55-2,356,TCA HER GALV 3/4,PZA,100,,
30/01/2026,CAJA CHICA 55-3,357,A. PLANA GALV 3/4,PZA,4,,
30/01/2026,CAJA CHICA 55-4,358,ARANDELA A PRESION 3/4,PZA,4,,
30/01/2026,CAJA CHICA 55 -4,358,ARANDELA A PRESION 3/4,PZA,96,,
31/01/2026,CAJA CHICA 56,204,COMBUSTIBLE,LTR,62.52,,
31/01/2026,CAJA CHICA 56-2,204,COMBUSTIBLE,LTR,104.21,,
31/01/2026,372,207,POLVO DE PIEDRA,M3,21,,
31/01/2026,372A,24,GRAVA DE PIEDRA,M3,14,,
31/01/2026,372B,21,ESCOMBRO FINO,M3,42,,
02/02/2026,373,21,ESCOMBRO FINO,M3,542,,
03/02/2026,CAJA CHICA 57,361,"TUERCA UNION PVC 50 ML 2""",PZA,4,,
03/02/2026,CAJA CHICA 57-2,359,"TUBERIA PVC HID 25 ML 2""",PZA,3,,
03/02/2026,CAJA CHICA 57-3,360,TUBERIA PVC HID 13 MM 1/2,PZA,3,,
03/02/2026,374,12,BLOCK 10 X 20 X 40,PZA,3000,,
04/02/2026,CAJA CHICA 58,204,COMBUSTIBLE,LTR,41.68,,
04/02/2026,CAJA CHICA 59,204,COMBUSTIBLE,LTR,41.68,,
