FECHA,FOLIO,CODIGO,MATERIAL,UNIDAD,CANTIDAD,PRIVADA,PARTIDA
26/12/2025,2169,207,POLVO DE PIEDRA,M3,14,E6,BARDAS
29/12/2025,2188,207,POLVO DE PIEDRA,M3,14,E6,BARDAS
02/01/2026,2208,207,POLVO DE PIEDRA,M3,14,E4,BARDAS
29/12/2025,2188A,24,GRAVA DE PIEDRA,M3,28,E6,BARDAS
02/01/2026,2208A,24,GRAVA DE PIEDRA,M3,7,E4,BARDAS
29/12/2025,2189,231,GRAVILLA,M3,14,E1,TOWNHOUSE
29/12/2025,2189A,21,ESCOMBRO FINO,M3,30,E1,TOWNHOUSE
03/01/2026,2212,199,BLOCK 15 X 20 X 40,PZA,1400,E1,TOWNHOUSE
02/01/2026,2206,161,PINTURA VINILICA FACILITA BLANCO,CUBETAS,4,E1,TOWNHOUSE
02/01/2026,2206A,129,CEMENTO GRIS HOLCIM 25KG,SACOS,6,E1,TOWNHOUSE
02/01/2026,2206B,145,IMPERCOOL FIBRATADO 7 AÑOS BLANCO 19 LTS,CUBETAS,4,E1,TOWNHOUSE
02/01/2026,2206C,208,IMPERCOOL SELLADOR ACRILICO PROMOCION 3.8 LTS GAL,GALON,4,E1,TOWNHOUSE
02/01/2026,2207,2,ADHESIVO PEGABLOCK SACO DE 40KG,SACOS,10,E5,BARDAS
02/01/2026,2207A,129,CEMENTO GRIS HOLCIM 25KG,SACOS,15,E4,BARDAS
02/01/2026,2208C,129,CEMENTO GRIS HOLCIM 25KG,SACOS,20,E4,BARDAS
02/01/2026,2208D,14,CAL SACO DE 25 KG,SACOS,10,E4,BARDAS
02/01/2026,2209,129,CEMENTO GRIS HOLCIM 25KG,SACOS,20,E6,BARDAS
02/01/2026,2209A,14,CAL SACO DE 25 KG,SACOS,20,E6,BARDAS
02/01/2026,2209B,17,CLAVO 2 1/2 MADERA,KG,5,E6,BARDAS
02/01/2026,2209C,8,ALAMBRE RECOCIDO,KG,10,TODAS,GASTO DE OBRA
02/01/2026,2212A,129,CEMENTO GRIS HOLCIM 25KG,SACOS,15,E4,BARDAS
03/01/2026,2213,223,TABLACEMENTO DUROCK 1/2 4 X 8,PZA,4,E1,TOWNHOUSE
02/01/2026,2206D,5,ADHESIVO PORCELANICO GRIS SACO 20 KGS,SACOS,10,E1,TOWNHOUSE
05/01/2026,2220,2,ADHESIVO PEGABLOCK SACO DE 40KG,SACOS,10,E6,BARDAS
05/01/2026,2220A,129,CEMENTO GRIS HOLCIM 25KG,SACOS,16,E6,BARDAS
05/01/2026,2220B,8,ALAMBRE RECOCIDO,KG,15,E6,BARDAS
05/01/2026,2221,2,ADHESIVO PEGABLOCK SACO DE 40KG,SACOS,10,E4,BARDAS
05/01/2026,2221A,129,CEMENTO GRIS HOLCIM 25KG,SACOS,10,E4,BARDAS
05/01/2026,2222,199,BLOCK 15 X 20 X 40,PZA,1400,E6,BARDAS
05/01/2026,2223,199,BLOCK 15 X 20 X 40,PZA,1400,E6,BARDAS
05/01/2026,2224,129,CEMENTO GRIS HOLCIM 25KG,SACOS,10,E1,TOWNHOUSE
05/01/2026,2225,209,PIEDRA CHAPA,M3,50,E3,CASETA
05/01/2026,2226,129,CEMENTO GRIS HOLCIM 25KG,SACOS,10,E6,BARDAS
05/01/2026,2227,129,CEMENTO GRIS HOLCIM 25KG,SACOS,20,E6,BARDAS
05/01/2026,2228,207,POLVO DE PIEDRA,M3,14,E6,BARDAS
05/01/2026,2228A,24,GRAVA DE PIEDRA,M3,14,E6,BARDAS
05/01/2026,2218,250,ANGULO DE AMARRE CAL 26,PZA,7,E1,TOWNHOUSE
05/01/2026,2218A,251,TORNILLO TIPO S 6X1,PZA,1,E1,TOWNHOUSE
05/01/2026,2218B,162,"FELPAS PARA EXTENSIÓN DE RODILLO DE 9"" X 1 1/4""",PZA,2,E1,TOWNHOUSE
05/01/2026,2218C,249,"REPUESTO RODILLO 3/4""",PZA,2,E1,TOWNHOUSE
05/01/2026,2218D,248,"RODILLO PARA PINTAR 9"" X 1 1/4""",PZA,1,E1,TOWNHOUSE
05/01/2026,2219,252,BATERIA DURALST 12V,PZA,1,TODAS,GASTO DE OBRA
05/01/2026,2229,224,COLADERA HELVEX FOFO REJ CUADRADA 24CH,PZA,28,E1,TOWNHOUSE
06/01/2025,2229A,229,SELLADORES DE ROSCA 118ML,PZA,1,E1,TOWNHOUSE
06/01/2026,2229B,168,"CINTA TEFLON 1/2""",PZA,10,E1,TOWNHOUSE
06/01/2026,2229C,283,COPLE UNION DE COMPRESION 20MM / 61908 - X701020N (AGUA POTABLE),PZA,50,E1,TOWNHOUSE
06/01/2026,2230,2,ADHESIVO PEGABLOCK SACO DE 40KG,SACOS,15,E4,BARDAS
06/01/2026,2230A,129,CEMENTO GRIS HOLCIM 25KG,SACOS,5,E4,BARDAS
06/01/2026,2231,129,CEMENTO GRIS HOLCIM 25KG,SACOS,4,E4,BARDAS
06/01/2026,2232,21,ESCOMBRO FINO,M3,14,E1,BANQUETAS/RELLENO
06/01/2026,2233,232,BOVEDILLA DE 30 X 25 X 56,PZA,30,E3,CASETA
06/01/2026,2234,236,"TEE CPVC CTS CEM 19MM 3/4""",PZA,20,E1,TOWNHOUSE
06/01/2026,2234A,237,"TEE REDUCIDA CPVC 3/4""X3/4""X1/2""",PZA,10,E1,TOWNHOUSE
06/01/2026,2234B,238,RED BUSH CPVC CTS 19 A 13MM,PZA,20,E1,TOWNHOUSE
06/01/2026,2234C,239,"ADAPTADOR MACHO CPVC 1/2""",PZA,20,E1,TOWNHOUSE
06/01/2026,2234D,240,"CODO OREJA 90 CPVC 1/2""",PZA,20,E1,TOWNHOUSE
06/01/2026,2234E,188,"CODO 90 GRADOS CPVC 13MM 1/2""",PZA,20,E1,TOWNHOUSE
06/01/2026,2234F,187,"CODO 90 GRADOS CPVC 3/4""",PZA,10,E1,TOWNHOUSE
06/01/2026,2234G,241,"CODO 45 GRADOS CPVC 1/2""",PZA,10,E1,TOWNHOUSE
06/01/2026,2234H,242,"CODO 45 GRADOS CPVC 3/4""",PZA,20,E1,TOWNHOUSE
06/01/2026,2235,243,"COPLE CPVC 13MM 1/2""",PZA,20,E1,TOWNHOUSE
06/01/2026,22235A,244,"COPLE CPVC 19MM 3/4""",PZA,20,E1,TOWNHOUSE
06/01/2026,2235B,53,"YEE PVC SANIT 50MM 2""",PZA,5,E1,TOWNHOUSE
06/01/2026,2235C,245,"ADAPTADOR GAL ESPIGA SANIT 2"" MACHO",PZA,30,E1,TOWNHOUSE
06/01/2026,2235D,183,"CODO 90 PVC SANIT 50MM 2""",PZA,20,E1,TOWNHOUSE
06/01/2026,2235E,246,"CODO 45° 50MM 2"" SANITARIO",PZA,20,E1,TOWNHOUSE
06/01/2026,2236,247,PLACA 6204W + CONTACTO 6288W PAQ ROYER,PZA,20,E1,TOWNHOUSE
06/01/2026,2236A,233,"CINCEL DE CORTE 3/4""",PZA,3,OFICINA,OFICINA ADMINISTRATIVA
06/01/2026,2236B,234,LUMINARIA EMPOTRAR LISO RED 330/BMR,PZA,30,OFICINA,OFICINA ADMINISTRATIVA
06/01/2026,2236C,235,LAMPARA LED 6W 3000K TECNOLITE,PZA,30,OFICINA,OFICINA ADMINISTRATIVA
02/01/2026,2208B,199,BLOCK 15 X 20 X 40,PZA,1400,E6,BARDAS
07/01/2026,2237,25,MALLA ELECTROSOLDADA,ROLLOS,2,E3,BARDAS
07/01/2026,2238,2,ADHESIVO PEGABLOCK SACO DE 40KG,SACOS,15,E4,BARDAS
07/01/2026,2238A,129,CEMENTO GRIS HOLCIM 25KG,SACOS,10,E4,BARDAS
07/01/2026,2239,8,ALAMBRE RECOCIDO,KG,10,E4,BARDAS
07/01/2026,2239A,18,"CLAVO 2 1/2"" CONCRETO",KG,2,E4,BARDAS
07/01/2026,2240,147,ASFALCRETO A (CIMENTACION COLOR NEGRO),CUBETAS,1,E4,BARDAS
07/01/2026,2240A,164,"BROCHA 4""",PZA,1,E4,BARDAS
07/01/2026,2241,21,ESCOMBRO FINO,M3,14,E1,BANQUETAS/RELLENO
07/01/2026,2242,8,ALAMBRE RECOCIDO,KG,10,E6,BARDAS
07/01/2026,2242A,17,CLAVO 2 1/2 MADERA,KG,2,E6,BARDAS
07/01/2026,2243,220, ESPONJAS AMARILLAS USO RUDO,PZA,1,TODAS,GASTO DE OBRA
07/01/2026,2244,62,MASILLA FINA PERDURA,SACOS,2,E1,TOWNHOUSE
07/01/2026,2245,9,ALAMBRON,KG,50,E3,CASETA
07/01/2026,2246,8,ALAMBRE RECOCIDO,KG,25,E3,CASETA
07/01/2026,2246A,19,"CLAVO DE 4"" MADERA",KG,25,E3,CASETA
07/01/2026,2246B,18,"CLAVO 2 1/2"" CONCRETO",KG,10,E3,CASETA
08/01/2026,2247,50,"VARILLA DE 3/8""",PZA,20,E3,CASETA
08/01/2026,2247A,51,"VARILLA DE 5/8""",PZA,4,E3,CASETA
08/01/2026,2248,229,SELLADORES DE ROSCA 118ML,PZA,2,E1,TOWNHOUSE
08/01/2026,2250,129,CEMENTO GRIS HOLCIM 25KG,SACOS,20,E6,BARDAS
08/01/2026,2250A,8,ALAMBRE RECOCIDO,KG,10,E6,BARDAS
08/01/2026,2251,129,CEMENTO GRIS HOLCIM 25KG,SACOS,15,E6,BARDAS
08/01/2026,2252,129,CEMENTO GRIS HOLCIM 25KG,SACOS,15,E6,BARDAS
08/01/2026,2253,167,SEPARADORES DE 2MM DE LOSETAS,BOLSAS,2,OFICINA,OFICINA ADMINISTRATIVA
08/01/2026,2253A,18,"CLAVO 2 1/2"" CONCRETO",KG,1,OFICINA,OFICINA ADMINISTRATIVA
08/01/2026,2255,2,ADHESIVO PEGABLOCK SACO DE 40KG,SACOS,12,E4,BARDAS
08/01/2026,2255A,129,CEMENTO GRIS HOLCIM 25KG,SACOS,9,E4,BARDAS
09/01/2026,2257,129,CEMENTO GRIS HOLCIM 25KG,SACOS,3,JADE,TH 
09/01/2026,2257A,62,MASILLA FINA PERDURA,SACOS,2,JADE,TH 
09/01/2026,2258,2,ADHESIVO PEGABLOCK SACO DE 40KG,SACOS,14,E4,BARDAS
09/01/2026,2258A,129,CEMENTO GRIS HOLCIM 25KG,SACOS,9,E4,BARDAS
09/01/2026,2258B,24,GRAVA DE PIEDRA,M3,14,E4,BARDAS
09/01/2026,2259,14,CAL SACO DE 25 KG,JADE,10,TH,BARDAS
09/01/2026,2259A,129,CEMENTO GRIS HOLCIM 25KG,JADE,20,TH,BARDAS
09/01/2026,2260,199,BLOCK 15 X 20 X 40,PZA,1400,E6,BARDAS
09/01/2026,2260A,207,POLVO DE PIEDRA,M3,7,E6,BARDAS
09/01/2026,2261,21,ESCOMBRO FINO,M3,90,BOULEVARD,CAMELLON CENTRAL
09/01/2026,2262,14,CAL SACO DE 25 KG,SACOS,10,E1,TOWNHOUSE
09/01/2026,2262A,129,CEMENTO GRIS HOLCIM 25KG,SACOS,20,E1,TOWNHOUSE
09/01/2026,2263,203,MORTERO SACO DE 25 KG,SACOS,10,E3 ,CASETAS
10/01/2026,2265,2,ADHESIVO PEGABLOCK SACO DE 40KG,SACOS,1,E1,TOWNHOUSE
10/01/2026,2265A,129,CEMENTO GRIS HOLCIM 25KG,SACOS,2,E1,TOWNHOUSE
10/01/2026,2267,14,CAL SACO DE 25 KG,SACOS,10,E1,TOWNHOUSE
10/01/2026,2269,207,POLVO DE PIEDRA,M3,14,E1,TOWNHOUSE
10/01/2026,2266,129,CEMENTO GRIS HOLCIM 25KG,SACOS,5,E4,BARDAS
10/01/2026,2270,21,ESCOMBRO FINO,M3,56,BOULEVARD,CAMELLON CENTRAL
29/12/2025,2185,204,COMBUSTIBLE,LTR,63.5,E1,TOWNHOUSE
29/12/2025,2206E,204,COMBUSTIBLE,LTR,5,E1,TOWNHOUSE
06/01/2026,2229C,204,COMBUSTIBLE,LTR,20,E1,TOWNHOUSE
08/01/2026,2248A,204,COMBUSTIBLE,LTR,20,E1,TOWNHOUSE
08/01/2026,2249,204,COMBUSTIBLE,LTR,5,E3,CASETA
29/12/2025,2257B,204,COMBUSTIBLE,LTR,5,E1,CASETA
29/12/2025,2264,204,COMBUSTIBLE,LTR,10,E1,CASETA
29/12/2025,2268,204,COMBUSTIBLE,LTR,5,E1,CASETA
12/01/2026,2271,204,COMBUSTIBLE,LTR,5,JADE,TOWNHOUSE
12/01/2026,2271A,62,MASILLA FINA PERDURA,SACOS,3,JADE,TOWNHOUSE
12/01/2026,2271B,129,CEMENTO GRIS HOLCIM 25KG,SACOS,2,JADE,TOWNHOUSE
12/01/2026,2272,129,CEMENTO GRIS HOLCIM 25KG,SACOS,1,JADE,TOWNHOUSE
12/01/2026,2273,203,MORTERO SACO DE 25 KG,SACOS,10,E3,CASETA
12/01/2026,2273A,129,CEMENTO GRIS HOLCIM 25KG,SACOS,2,E3,CASETA
12/01/2026,2274,94,"TUBO ALCANTARILLADO SERIE 25 6"" 160MM 6ML",PZA,15,CARMESI,DRENAJE
12/01/2026,2274A,140,YEE SENCILLA ALCANTARILLADO HID 45G 160X160 INTECTADO CXCXC,PZA,36,CARMESI,DRENAJE
12/01/2026,2274B,97,"CODO ALCANTARILLADO 45° 150MM 6""",PZA,50,CARMESI,DRENAJE
12/01/2026,2274C,97,"CODO ALCANTARILLADO 45° 150MM 6""",PZA,50,CARMESI,DRENAJE
12/01/2026,2274D,66,"TUBERIA PVC HIDRAULICO DE 150MM 6"" DIAMETRO RD-32.5",PZA,36,CARMESI,DRENAJE
12/01/2026,2275,14,CAL SACO DE 25 KG,PZA,10,JADE,CASETA/REPARACION
12/01/2026,2276,2,ADHESIVO PEGABLOCK SACO DE 40KG,SACOS,20,E6,BARDAS
12/01/2026,2276A,129,CEMENTO GRIS HOLCIM 25KG,SACOS,13,E6,BARDAS
12/01/2026,2277,221,ESCOBAS,PZA,1,JADE,TOWNHOUSE
12/01/2026,2277A,67,"CONECTORES DE 20 MM ADAPTADOR DE PLASTICO MACHO PARA TUBO PAD DE 1/2""",PZA,30,JADE,TOWNHOUSE
12/01/2026,2278,166, BOQUILLA SELLADOR INT. ANTIQUE SACO 10 KGS,PZA,2,OFICINA,OFICINA OBRIKA
12/01/2026,2279,198, THINNER,LTR,1,E6,BARDAS
12/01/2026,2279A,164,"BROCHA 4""",PZA,4,E6,BARDAS
12/01/2026,2280,257,"CODO 90 PVC SANIT 75MM 3""",PZA,4,E3,CASETA
12/01/2026,2280A,43,"TUBERIA PVC SANITARIA 75MM 3""",PZA,5,E3,CASETA
12/01/2026,2281,8,ALAMBRE RECOCIDO,KG,25,E3,CASETA
12/01/2026,2282,199,BLOCK 15 X 20 X 40,PZA,1400,E4,BARDAS
12/01/2026,2282A,207,POLVO DE PIEDRA,M3,14,E4,BARDAS
12/01/2026,2282B,207,POLVO DE PIEDRA,M3,14,E4,BARDAS
12/01/2026,2282C,24,GRAVA DE PIEDRA,M3,14,E4,BARDAS
12/01/2026,2283,223,TABLACEMENTO DUROCK 1/2 4 X 8,PZA,1,JADE,TOWNHOUSE
12/01/2026,2284,50,"VARILLA DE 3/8""",PZA,20,E3,CASETA
12/01/2026,2285,21,ESCOMBRO FINO,M3,30,BOULEVARD,CAMELLON CENTRAL
12/01/2026,2285A,21,ESCOMBRO FINO,M3,30,BOULEVARD,CAMELLON CENTRAL
12/01/2026,2285B,21,ESCOMBRO FINO,M3,30,BOULEVARD,CAMELLON CENTRAL
12/01/2026,2286,204,COMBUSTIBLE,LTR,5,E3,CASETA
12/01/2026,2287,17,CLAVO 2 1/2 MADERA,KG,1,SALVIA,REPARACIONES/HIDRAULICAS
12/01/2026,2287A,40,TRIPLAY CIMBRAPLAY DE 1.22X2.44X16 MM ,PZA,4,SALVIA,REPARACIONES/HIDRAULICAS
12/01/2026,2287B,34,POLINES,PZA,12,SALVIA,REPARACIONES/HIDRAULICAS
13/01/2026,2288,204,COMBUSTIBLE,LTR,20,E3,CASETAS
13/01/2026,2289,94,"TUBO ALCANTARILLADO SERIE 25 6"" 160MM 6ML",PZ,15,CARMESI,DRENAJE
13/01/2026,2290,204,COMBUSTIBLE,LTR,10,E1,LIMPIEZA
13/01/2026,2291,129,CEMENTO GRIS HOLCIM 25KG,SACOS,10,E4,BARDAS
13/01/2026,2291A,14,CAL SACO DE 25 KG,SACOS,10,E4,BARDAS
13/01/2026,2292,14,CAL SACO DE 25 KG,SACOS,10,E6,BARDAS
13/01/2026,2292A,129,CEMENTO GRIS HOLCIM 25KG,SACOS,10,E6,BARDAS
13/01/2026,2293,129,CEMENTO GRIS HOLCIM 25KG,SACOS,5,E6,BARDAS
13/01/2026,2294,264,CONO DE PRECAUCIÓN 4°,PZ,4,E1,HIDRAULICO EQUIPO DE BOMBEO
13/01/2026,2294A,265,CONO DE PRECAUCIÓN 4.5°,PZ,4,E1,HIDRAULICO EQUIPO DE BOMBEO
13/01/2026,2294C,221,ESCOBAS,PZ,1,E1,HIDRAULICO EQUIPO DE BOMBEO
13/01/2026,2295,71,"CRUZ DE 6"" PARA RED DE AGUA POTABLE PVC",PZ,1,CARMESI,HIDRAULICO
13/01/2026,2295A,75,"REDUCCION DE 6"" A  4"" PVC PARA RED DE AGUA POTABLE",PZ,2,CARMESI,HIDRAULICO
13/01/2026,2295B,157,"COPLE REPARACION HID SI 100MM4""",PZ,2,CARMESI,HIDRAULICO
13/01/2026,2296,129,CEMENTO GRIS HOLCIM 25KG,SACO,10,JADE,CASETA/REPARACION
13/01/2026,2296A,14,CAL SACO DE 25 KG,SACO,5,JADE,CASETA/REPARACION
13/01/2026,2297,230,PEGAMENTO OATEY PVC 473ML,PZ,4,CARMESI,DRENAJE
13/01/2026,2298,266,TEE CPVC CEM 13 MM ,PZ,30,JADE,TH
13/01/2026,2298A,258,TAPON CAPUCHA CPVC CTS CEM 13MM,PZ,30,JADE,TH
13/01/2026,2298B,230,PEGAMENTO OATEY PVC 473ML,PZ,1,JADE,TH
13/01/2026,2298C,259,"CIFA BOTE PVC SANIT 22 50 X 50MM 2"" X 2""",PZ,1,JADE,TH
13/01/2026,2298D,260,BICOLOR SECURITY,PZ,2,JADE,TH
13/01/2026,2298E,246,"CODO 45° 50MM 2"" SANITARIO",PZ,10,JADE,TH
13/01/2026,2298F,183,"CODO 90 PVC SANIT 50MM 2""",PZ,10,JADE,TH
13/01/2026,2298G,266,TEE CPVC CEM 13 MM ,PZ,30,JADE,TH
13/01/2026,2298H,261,TAPON CAPUCHA CPVC CTS CEM 19MM,PZ,20,JADE,TH
13/01/2026,2300,263,CODETE CPVC CTS 13MM 1/2,PZ,20,JADE,TH
13/01/2026,2301,97,"CODO ALCANTARILLADO 45° 150MM 6""",PZ,50,CARMESI,SANITARIO
13/01/2026,2301A,140,YEE SENCILLA ALCANTARILLADO HID 45G 160X160 INTECTADO CXCXC,PZ,29,CARMESI,SANITARIO
13/01/2026,2302,146,POLIESTER REFORZADO DE 68GRS 1.10X100MTR,PZ,2,JADE,CASETA 
13/01/2026,2302A,145,IMPERCOOL FIBRATADO 7 AÑOS BLANCO 19 LTS,PZ,6,JADE,CASETA 
13/01/2026,2302B,208,IMPERCOOL SELLADOR ACRILICO PROMOCION 3.8 LTS GAL,PZ,6,JADE,CASETA 
13/01/2026,2302C,162,"FELPAS PARA EXTENSIÓN DE RODILLO DE 9"" X 1 1/4""",PZ,2,JADE,CASETA 
13/01/2026,2302D,164,"BROCHA 4""",PZ,2,JADE,CASETA 
13/01/2026,2303,48,"POLIDUCTO AZUL 3/4"" MARCA TUPSSAFLEX",PZ,2,E3,CASETA 
13/01/2026,2303A,218,"POLIDUCTO NARANJA 1"" MARCA TUPSSAFLEX",PZ,2,E3,CASETA 
13/01/2026,2304,204,COMBUSTIBLE,LTR,62.5,VEHICULOS ,TACOMA
13/01/2026,2305,21,ESCOMBRO FINO,M3,30,BOULEVARD,CAMELLON CENTRAL
14/01/2026,2306,129,CEMENTO GRIS HOLCIM 25KG,SACOS,10,E3,CASETA 
14/01/2026,2307,129,CEMENTO GRIS HOLCIM 25KG,SACOS,10,E3,CASETA 
14/01/2026,2308,161,PINTURA VINILICA FACILITA BLANCO,SACOS,2,OFICINA,OFICINA/OBRIKA
14/01/2026,2308A,162,"FELPAS PARA EXTENSIÓN DE RODILLO DE 9"" X 1 1/4""",SACOS,2,OFICINA,OFICINA/OBRIKA
14/01/2026,2310,2,ADHESIVO PEGABLOCK SACO DE 40KG,SACOS,10,E4,BARDAS
14/01/2026,2310A,129,CEMENTO GRIS HOLCIM 25KG,SACOS,10,E4,BARDAS
14/01/2026,2311,129,CEMENTO GRIS HOLCIM 25KG,SACOS,2,E6,BARDAS
14/01/2026,2312,2,ADHESIVO PEGABLOCK SACO DE 40KG,SACOS,8,E6,BARDAS
14/01/2026,2313,164,"BROCHA 4""",PZ,3,OFICINA ,OFICINA/OBRIKA
14/01/2026,2314,204,COMBUSTIBLE,LTR,10,OFICINA ,OFICINA/OBRIKA
14/01/2026,2315,204,COMBUSTIBLE,LTR,5,JADE,TH
14/01/2026,1169A,269,JERGA POP,PZ,2,JADE,TH
14/01/2026,1169B,270,FIBRA CON ESPONJA ,PZ,3,JADE,TOWNHOUSE
14/01/2026,1169C,271,REGOGEDOR ,PZ,1,JADE,TOWNHOUSE
14/01/2026,1169D,272,LIMPIADOR LIQUIDO ,PZ,2,JADE,TOWNHOUSE
14/01/2026,1170,273,ESPATULA PRETUL ,PZ,2,JADE,TOWNHOUSE
14/01/2026,1170A,274,ATOMIZADOR,PZ,2,JADE,TOWNHOUSE
14/01/2026,2309,163,DISCO DE CORTE PARA PORCELANATO,PZA,1,JADE,TOWNHOUSE
14/01/2026,2309A,221,ESCOBAS,PZA,2,JADE,TOWNHOUSE
15/01/2026,2322,205,CONCRETO CONVENCIONAL-200KG/CM2-28DIASTMA20MM-REV14CM-BOM-ADT,M3,28,E3,CASETA 
15/01/2026,2316,129,CEMENTO GRIS HOLCIM 25KG,SACOS,10,E4,BARDAS
15/01/2026,2317,129,CEMENTO GRIS HOLCIM 25KG,SACOS,10,E4,BARDAS
15/01/2026,2318,8,ALAMBRE RECOCIDO,KG,10,E3,CASETA 
15/01/2026,2318A,204,COMBUSTIBLE,LTR,5,E3,CASETA 
15/01/2026,2319,161,PINTURA VINILICA FACILITA BLANCO,CUBETAS,2,OFICINA,CONSTRUCCION
15/01/2026,2319A,197,SELLADOR VINILICO 19 LTS,CUBETAS,1,OFICINA,CONSTRUCCION
15/01/2026,2320,145,IMPERCOOL FIBRATADO 7 AÑOS BLANCO 19 LTS,CUBETAS,5,JADE,CASETA /REPARACION
15/01/2026,2320A,208,IMPERCOOL SELLADOR ACRILICO PROMOCION 3.8 LTS GAL,CUBETAS,5,JADE,CASETA /REPARACION
15/01/2026,2320B,204,COMBUSTIBLE,LTR,5,JADE,CASETA /REPARACION
15/01/2026,2321,2,ADHESIVO PEGABLOCK SACO DE 40KG,SACOS,10,E3,CASETA
16/01/2026,2324,97,"CODO ALCANTARILLADO 45° 150MM 6""",PZA,30,E2,DRENAJE
16/01/2026,2324A,94,"TUBO ALCANTARILLADO SERIE 25 6"" 160MM 6ML",,15,E2,DRENAJE
16/01/2026,2324B,204,COMBUSTIBLE,LTR,20,E2,DRENAJE
16/01/2026,2325,2,ADHESIVO PEGABLOCK SACO DE 40KG,SACOS,10,E4,BARDAS
16/01/2026,2325A,199,BLOCK 15 X 20 X 40,PZA,1400,E4,BARDAS
16/01/2026,2326,147,ASFALCRETO A (CIMENTACION COLOR NEGRO),CUBETAS,1,JADE,TOWNHOUSE
16/01/2026,2326A,164,"BROCHA 4""",PZ,1,JADE,TOWNHOUSE
16/01/2026,2327,62,MASILLA FINA PERDURA,SACOS,3,JADE,TOWNHOUSE
16/01/2026,2328,2,ADHESIVO PEGABLOCK SACO DE 40KG,SACOS,10,E3,CASETA
16/01/2026,2329,129,CEMENTO GRIS HOLCIM 25KG,SACOS,10,E6,BARDAS
16/01/2026,2330,204,COMBUSTIBLE,LTR,5,JADE,TOWNHOUSE
16/01/2026,2331,204,COMBUSTIBLE,LTR,5,VEHICULOS,CUATRIMOTO
16/01/2026,2331A,6,AEROSOL ROJO,PZ,1,OFICINA ,CONSTRUCCION
16/01/2026,2332,129,CEMENTO GRIS HOLCIM 25KG,SACO,10,E3,CASETA
16/01/2026,2332A,203,MORTERO SACO DE 25 KG,SACOS,10,E3,CASETA
16/01/2026,2332B,2,ADHESIVO PEGABLOCK SACO DE 40KG,SACOS,10,E3,CASETA
15/01/2026,2322A,206,SERVICIO DE BOMBA PLUMA 36 METROS ,M3,28,E3,CASETA
17/01/2026,2336,204,COMBUSTIBLE,LTR,5,BOMBA DE AGUA PIPA,BOMBA DE AGUA PIPA
17/01/2026,2337,5,ADHESIVO PORCELANICO GRIS SACO 20 KGS,SACOS,15,E3,CASETA 
17/01/2026,2337A,38,ESTUCO SACO DE 40 KG,SACOS,10,E3,CASETA 
17/01/2026,2338,129,CEMENTO GRIS HOLCIM 25KG,SACOS,10,E6,BARDAS
17/01/2026,2339,38,ESTUCO SACO DE 40 KG,SACOS,5,E3,CASETA 
17/01/2026,2335,5,ADHESIVO PORCELANICO GRIS SACO 20 KGS,SACOS,20,JADE,TOWNHOUSE
17/01/2026,2335A,204,COMBUSTIBLE,LTR,5,JADE,TOWNHOUSE
19/01/2026,1175A,204,COMBUSTIBLE,LTR,1,prueba,prueba
17/01/2026,2334,63,PISO CERAMICO MODELO BRERA GRIS 60 X 60 CM MARCA INTERCERAMIC,,25,JADE,TOWNHOUSE
17/01/2026,2334A,5,ADHESIVO PORCELANICO GRIS SACO 20 KGS,SACOS,200,JADE,TOWNHOUSE
16/01/2026,2323,75,"REDUCCION DE 6"" A  4"" PVC PARA RED DE AGUA POTABLE",PZA,1,E2,DRENAJE
16/01/2026,2323A,284,EXTREMIDAD CAMPANA HID ANGER SI 100MM,PZA,4,E2,DRENAJE
16/01/2026,2323B,69,"TEE DE PVC HIDRAULICO DE 4"" X 4"" DE DIAMETRO",PZA,1,E2,DRENAJE
16/01/2026,2323C,75,"REDUCCION DE 6"" A  4"" PVC PARA RED DE AGUA POTABLE",PZA,1,E2,DRENAJE
16/01/2026,2323D,140,YEE SENCILLA ALCANTARILLADO HID 45G 160X160 INTECTADO CXCXC,PZA,9,E2,DRENAJE
16/01/2026,2323E,140,YEE SENCILLA ALCANTARILLADO HID 45G 160X160 INTECTADO CXCXC,PZA,9,E2,DRENAJE
16/01/2026,2323F,97,"CODO ALCANTARILLADO 45° 150MM 6""",PZA,50,E2,DRENAJE
16/01/2026,2323G,94,"TUBO ALCANTARILLADO SERIE 25 6"" 160MM 6ML",PZA,15,E2,DRENAJE
17/01/2026,2333,66,"TUBERIA PVC HIDRAULICO DE 150MM 6"" DIAMETRO RD-32.5",PZA,1,E2,HIDRAULICO
17/01/2026,2333A,76,"VALVULA DE SECCIONAMIENTO DE COMPUERTA DE VASTAGO FIJO DE 4""",PZA,3,E2,HIDRAULICO
17/01/2026,2333B,157,"COPLE REPARACION HID SI 100MM4""",PZA,4,E2,HIDRAULICO
17/01/2026,2333C,70,"CODOS DE 45° DE 4"" PARA RED DE AGUA POTABLE PVC CON LIGA (CODO HID ANGER SI 45G X 100MM*)",PZA,2,E2,HIDRAULICO
17/01/2026,2333D,103,"TUBERIA PVC HIDRAULICO DE 100MM 4"" DIAMETRO RD-32.5",PZA,3,E2,HIDRAULICO
17/01/2026,2333F,80,"TEE BRIGADA FOFO DE 4"" X 4"" SIMEX",PZA,2,E2,HIDRAULICO
19/01/2026,2333E,284,EXTREMIDAD CAMPANA HID ANGER SI 100MM,PZA,6,E2,HIDRAULICO
19/01/2026,2340,253,CABLE THW #10 NEGRO IUSA,MTR,360,BOULEVARD,ALUMBRADO 
19/01/2026,2340A,254,CABLE THW #12 BLANCO IUSA,MTR,360,BOULEVARD,ALUMBRADO 
19/01/2026,2340B,217,POSTES,PZ,27,BOULEVARD,ALUMBRADO 
19/01/2026,2340C,215,BRAZOS DE POSTES,PZ,27,BOULEVARD,ALUMBRADO 
19/01/2026,2340D,222,LAMPARA GREEN WELL 277V 50W,PZ,30,BOULEVARD,ALUMBRADO 
19/01/2026,2341,129,CEMENTO GRIS HOLCIM 25KG,SACOS,5,JADE,TOWNHOUSE
19/01/2026,2341A,62,MASILLA FINA PERDURA,SACOS,3,JADE,TOWNHOUSE
19/01/2026,2342,203,MORTERO SACO DE 25 KG,SACOS,20,E3,CASETA 
19/01/2026,2343,129,CEMENTO GRIS HOLCIM 25KG,SACOS,10,ETAPA 6,BARDAS
19/01/2026,2343A,14,CAL SACO DE 25 KG,SACOS,10,ETAPA 6,BARDAS
19/01/2026,2344,2,ADHESIVO PEGABLOCK SACO DE 40KG,SACOS,5,ETAPA 4,BARDAS
19/01/2026,2344A,129,CEMENTO GRIS HOLCIM 25KG,SACOS,4,ETAPA 4,BARDAS
19/01/2026,2347,285,TORNILLO 1/2 X 1 ,PZ,64,BOULEVARD,ALUMBRADO 
19/01/2026,2345,199,BLOCK 15 X 20 X 40,PZ,1400,E5,CASETA
19/01/2026,2346,2,ADHESIVO PEGABLOCK SACO DE 40KG,SACOS,10,ETAPA 6,BARDAS
19/01/2026,2346A,129,CEMENTO GRIS HOLCIM 25KG,SACOS,10,ETAPA 6,BARDAS
19/01/2026,2348,9,ALAMBRON,KG,25,E3,CASETA
19/01/2026,2349,8,ALAMBRE RECOCIDO,KG,20,E6,BARDAS
19/01/2026,2349A,17,CLAVO 2 1/2 MADERA,KG,5,E6,BARDAS
19/01/2026,2345A,207,POLVO DE PIEDRA,M3,14,E5,CASETAS
19/01/2026,2350,207,POLVO DE PIEDRA,M3,14,E5,CASETAS
19/01/2026,2351,21,ESCOMBRO FINO,M3,30,E2,RELLENO/ZANJAS
20/01/2026,CAJA CHICA 1,21,ESCOMBRO FINO,M3,1,prueba,prueba
20/01/2026,2352,14,CAL SACO DE 25 KG,SACOS,10,E5,CASETA 
20/01/2026,2352A,129,CEMENTO GRIS HOLCIM 25KG,SACOS,10,E5,CASETA 
20/01/2026,2353,204,COMBUSTIBLE,LTR,10,TODAS,GASTO DE OBRA
20/01/2026,2354,204,COMBUSTIBLE,LTR,62.55,VEHICULO ,VEHICULO/RAM 
20/01/2026,2355,129,CEMENTO GRIS HOLCIM 25KG,SACOS,10,OFICINA ,OFICINA ADMINISTRATIVA
20/01/2026,2355A,2,ADHESIVO PEGABLOCK SACO DE 40KG,SACOS,10,OFICINA ,OFICINA ADMINISTRATIVA
20/01/2026,2355B,32,PLASTICO NEGRO,ROLLO,0.3,OFICINA ,OFICINA ADMINISTRATIVA
20/01/2026,2356,203,MORTERO SACO DE 25 KG,SACOS,20,OFICINA ,OFICINA ADMINISTRATIVA
20/01/2026,2357,161,PINTURA VINILICA FACILITA BLANCO,CUBETAS,1,OFICINA ,OFICINA/OBRIKA
20/01/2026,2358,203,MORTERO SACO DE 25 KG,SACOS,20,E3,CASETA 
20/01/2026,2359,200,ARMEX 15-15-4,PZA,50,E5,CASETA 
20/01/2026,2360,129,CEMENTO GRIS HOLCIM 25KG,SACOS,10,ETAPA 6,BARDAS
20/01/2026,2360A,17,CLAVO 2 1/2 MADERA,KG,5,ETAPA 6,BARDAS
20/01/2026,2361,287,"CODO 90 CPVC CTS CEM 25MM 1""",PZA,20,JADE,TOWNHOUSE
20/01/2026,2361A,288,PEGAMENTO TANGIT ROSA 240 ML ,PZA,2,JADE,TOWNHOUSE
20/01/2026,2361B,183,"CODO 90 PVC SANIT 50MM 2""",PZA,10,JADE,TOWNHOUSE
20/01/2026,2361C,289,"CODETE PVC SANIT 50MM 2""",PZA,10,JADE,TOWNHOUSE
20/01/2026,2361D,168,"CINTA TEFLON 1/2""",PZA,10,JADE,TOWNHOUSE
20/01/2026,2367,290,PEGAMENTO TANGIT AZUL 475 ML ,PZA,1,JADE,TOWNHOUSE
20/01/2026,2367A,294,"COPLE PVC 13MM 1/2""",PZA,20,JADE,TOWNHOUSE
20/01/2026,2367B,295,"COPLE PVC 19MM 3/2""",PZA,10,JADE,TOWNHOUSE
22/01/2026,2389,38,ESTUCO SACO DE 40 KG,SACOS,10,AQUA,CASETA
22/01/2026,2389A,129,CEMENTO GRIS HOLCIM 25KG,SACOS,10,AQUA,CASETA
22/01/2026,2389B,5,ADHESIVO PORCELANICO GRIS SACO 20 KGS,SACOS,20,AQUA,CASETA 
21/01/2026,2373,292,PAR DE CARBONES CALIBRE 22,PZA,1,JADE,TH
21/01/2026,1187,268,TOALLA MICROFIBRA,PZA,4,JADE,TH
21/01/2026,1187B,294,JALADOR JUMBO ,PZA,1,JADE,TH
21/01/2026,1187C,293,JALADOR PLASTICO ,PZA,1,JADE,TH
20/01/2026,2362,94,"TUBO ALCANTARILLADO SERIE 25 6"" 160MM 6ML",PZA,62,E2,HIDRAULICO
20/01/2026,2362A,95,"TUBO ALCANTARILLADO SERIE 25 8"" 200MM 6 ML",PZA,245,E2,HIDRAULICO
20/01/2026,2362B,96,"TUBO ALCANTARILLADO SERIE 25 10"" 250MM 6ML",PZA,9,E2,HIDRAULICO
20/01/2026,2362C,93,YEE DE PVC ALCANTARILLADO DE 200 X 150MM,PZA,120,E2,HIDRAULICO
20/01/2026,2362D,103,"TUBERIA PVC HIDRAULICO DE 100MM 4"" DIAMETRO RD-32.5",PZA,150,E2,HIDRAULICO 
20/01/2026,2362E,97,"CODO ALCANTARILLADO 45° 150MM 6""",PZA,250,E2,HIDRAULICO
20/01/2026,2363,2,ADHESIVO PEGABLOCK SACO DE 40KG,SACOS,10,E6,BARDAS
20/01/2026,2363A,129,CEMENTO GRIS HOLCIM 25KG,SACOS,5,E6,BARDAS
20/01/2026,2364,50,"VARILLA DE 3/8""",PZA,3,OFICINA ,OFICINA/OBRIKA
20/01/2026,2364A,9,ALAMBRON,KG,25,OFICINA ,OFICINA/OBRIKA
20/01/2026,2365,198, THINNER,LTR,2.5,JADE,TOWNHOUSE
20/01/2026,2365A,227,KIMIPLASTER (BOLSA 20KG) KIMICOLOR GRIS OPICHEN,SACOS,5,JADE,TOWNHOUSE
20/01/2026,2365B,228,KIMIBOND ADHESIVO PARA UNIR CONCRETO,CUBETAS,1,JADE,TOWNHOUSE
20/01/2026,2366,204,COMBUSTIBLE,LTR,20,GASTO DE OBRA,VEHICULO TACOMA
21/01/2026,2369,129,CEMENTO GRIS HOLCIM 25KG,SACOS,30,E5,CASETA 
21/01/2026,2370,2,ADHESIVO PEGABLOCK SACO DE 40KG,SACOS,8,E6,BARDAS
21/01/2026,2370A,129,CEMENTO GRIS HOLCIM 25KG,SACOS,10,E6,BARDAS
21/01/2026,2371,2,ADHESIVO PEGABLOCK SACO DE 40KG,SACOS,10,E6,BARDAS
21/01/2026,2371A,129,CEMENTO GRIS HOLCIM 25KG,SACOS,20,E6,BARDAS
21/01/2026,2372,8,ALAMBRE RECOCIDO,KG,20,E5,CASETA 
21/01/2026,2374,270,FIBRA CON ESPONJA ,PZA,4,JADE,TH
21/01/2026,2374A,220, ESPONJAS AMARILLAS USO RUDO,PZA,2,JADE,TH
21/01/2026,2376,204,COMBUSTIBLE,LTR,20,MAGENTA ,GENERADOR 
21/01/2026,2372A,24,GRAVA DE PIEDRA,M3,14,E5,CASETA 
21/01/2026,2377,17,CLAVO 2 1/2 MADERA,KG,1,OFICINA ,OFICINA OBRIKA
21/01/2026,2377A,129,CEMENTO GRIS HOLCIM 25KG,SACOS,10,OFICINA ,OFICINA OBRIKA
21/01/2026,2378,204,COMBUSTIBLE,LTR,20,GASTO DE OBRA,VEHICULO TACOMA
21/01/2026,2380,5,ADHESIVO PORCELANICO GRIS SACO 20 KGS,SACOS,10,E3,CASETA
21/01/2026,2380A,203,MORTERO SACO DE 25 KG,SACOS,10,E3,CASETA
21/01/2026,2380B,38,ESTUCO SACO DE 40 KG,SACOS,10,E3,CASETA
21/01/2026,2379,129,CEMENTO GRIS HOLCIM 25KG,SACOS,10,E5,CASETA
21/01/2026,2381,129,CEMENTO GRIS HOLCIM 25KG,SACOS,6,OFICINA ,OFICINA OBRIKA
22/01/2026,2382,50,"VARILLA DE 3/8""",PZA,20,E5,CASETA
22/01/2026,2382A,51,"VARILLA DE 5/8""",PZA,10,E5,CASETA
22/01/2026,2382B,8,ALAMBRE RECOCIDO,KG,20,E5,CASETA
22/01/2026,2383,204,COMBUSTIBLE,LTR,5,GASTO DE OBRA,BOMBA DE AGUA PIPA
22/01/2026,2384,2,ADHESIVO PEGABLOCK SACO DE 40KG,SACOS,10,E6,BARDAS
22/01/2026,2384A,129,CEMENTO GRIS HOLCIM 25KG,SACOS,15,E6,BARDAS
22/01/2026,2384B,147,ASFALCRETO A (CIMENTACION COLOR NEGRO),CUBETAS,1,E6,BARDAS
22/01/2026,2384C,164,"BROCHA 4""",PZA,2,E6,BARDAS
22/01/2026,2384D,198, THINNER,LTR,2.5,E6,BARDAS
22/01/2026,2385,55,REGISTRO DE CONCRETO PARA ALUMBRADO 33X33X40 CM,PZA,2,E1,BOULEVARD
22/01/2026,2386,204,COMBUSTIBLE,LTR,20,E2,DRENAJE
22/01/2026,2386A,163,DISCO DE CORTE PARA PORCELANATO,PZA,2,E2,DRENAJE
22/01/2026,2387,129,CEMENTO GRIS HOLCIM 25KG,SACOS,10,OFICINA ,OFICINA ADMINISTRATIVA
22/01/2026,2387A,203,MORTERO SACO DE 25 KG,SACOS,20,OFICINA ,OFICINA ADMINISTRATIVA
22/01/2026,2388,2,ADHESIVO PEGABLOCK SACO DE 40KG,SACOS,15,E5,CASETA
22/01/2026,2388A,129,CEMENTO GRIS HOLCIM 25KG,SACOS,15,E5,CASETA
23/01/2026,2390,62,MASILLA FINA PERDURA,SACOS,4,JADE,TH
23/01/2026,2390A,227,KIMIPLASTER (BOLSA 20KG) KIMICOLOR GRIS OPICHEN,SACOS,4,JADE,TH
23/01/2026,2391,204,COMBUSTIBLE,LTR,5,AQUA,CASETA 
23/01/2026,2392,199,BLOCK 15 X 20 X 40,PZA,1400,AMATISTA 2,CASETA 
23/01/2026,2393,50,"VARILLA DE 3/8""",PZA,10,AMATISTA 2,CASETA 
23/01/2026,2393A,51,"VARILLA DE 5/8""",PZA,10,AMATISTA 2,CASETA 
23/01/2026,2394,158,"COPLE REPARACION ALCANTARILLADO HID ANGER 160MM 6""",PZA,10,MAGENTA,DRENAJE
23/01/2026,2397,102,LUBRICANTE PARA PVC MEDIO LITRO,PZA,7,MAGENTA,DRENAJE
23/01/2026,2395,2,ADHESIVO PEGABLOCK SACO DE 40KG,SACOS,5,OFICINA ,CONSTRUCCION 
23/01/2026,2396,8,ALAMBRE RECOCIDO,KG,5,E6,BARDAS
23/01/2026,2396A,129,CEMENTO GRIS HOLCIM 25KG,SACOS,20,E6,BARDAS
23/01/2026,2396B,2,ADHESIVO PEGABLOCK SACO DE 40KG,SACOS,10,E6,BARDAS
23/01/2026,2398,207,POLVO DE PIEDRA,M3,14,E6,BARDAS
23/01/2026,2398A,24,GRAVA DE PIEDRA,M3,14,E6,BARDAS
24/01/2026,2399,6,AEROSOL ROJO,PZA,3,TOPOGRAFIA ,TOPOGRAFIA 
24/01/2026,2399A,14,CAL SACO DE 25 KG,SACOS,2,TOPOGRAFIA ,TOPOGRAFIA 
24/01/2026,2400,2,ADHESIVO PEGABLOCK SACO DE 40KG,SACOS,20,AQUA ,CASETA 
24/01/2026,2400A,38,ESTUCO SACO DE 40 KG,SACOS,10,AQUA ,CASETA 
24/01/2026,2401,9,ALAMBRON,KG,50,AMATISTA 2,CASETA 
24/01/2026,2402,50,"VARILLA DE 3/8""",PZA,2,OFICINA ,CONTRUCCION 
24/01/2026,2402A,8,ALAMBRE RECOCIDO,KG,5,OFICINA ,CONTRUCCION 
24/01/2026,2404,62,MASILLA FINA PERDURA,SACOS,1,CASA CLUB 1,ACABADOS 
24/01/2026,2403,8,ALAMBRE RECOCIDO,KG,20,AMATISTA 2,CASETA 
26/01/2026,2405,158,"COPLE REPARACION ALCANTARILLADO HID ANGER 160MM 6""",PZA,17,MAGENTA,DRENAJE
26/01/2026,2405A,204,COMBUSTIBLE,LTR,20,MAGENTA,DRENAJE
26/01/2026,2406,129,CEMENTO GRIS HOLCIM 25KG,SACOS,5,OFICINA ,OFICINA ADMINISTRATIVA
26/01/2026,2407,227,KIMIPLASTER (BOLSA 20KG) KIMICOLOR GRIS OPICHEN,SACOS,5,JADE,TOWNHOUSE
26/01/2026,2407A,62,MASILLA FINA PERDURA,SACOS,5,JADE,TOWNHOUSE
26/01/2026,2407B,32,PLASTICO NEGRO,MTR,0.4,JADE,TOWNHOUSE
26/01/2026,2408,203,MORTERO SACO DE 25 KG,SACOS,20,OFICINA ,OFICINA ADMINISTRATIVA
26/01/2026,2409,199,BLOCK 15 X 20 X 40,PZA,1400,E6,BARDAS
26/01/2026,2410,207,POLVO DE PIEDRA,M3,14,ETAPA 4,BARDAS
26/01/2026,2411,24,GRAVA DE PIEDRA,M3,14,ETAPA 4,BARDAS
26/01/2026,2412,5,ADHESIVO PORCELANICO GRIS SACO 20 KGS,SACOS,10,AQUA,CASETA 
26/01/2026,2413,129,CEMENTO GRIS HOLCIM 25KG,SACOS,10,AMATISTA 2,CASETA
27/01/2026,2414,129,CEMENTO GRIS HOLCIM 25KG,SACOS,10,E6,BARDAS
27/01/2026,2414A,8,ALAMBRE RECOCIDO,KG,5,E6,BARDAS
27/01/2026,2415,46,"TUBO PAD 2"" ROLLO DE 100 MTR COLOR ROJO",PZA,4,BOULEVARD ,VOZ Y DATOS 
27/01/2026,2415A,33,NARANJA 1 1/4,ROLLO,1,BOULEVARD,VOZ Y DATOS 
27/01/2026,2416,204,COMBUSTIBLE,LTR,5,AQUA,CASETA 
27/01/2026,2417,50,"VARILLA DE 3/8""",PZA,2,OFICINA ,CONSTRUCCION
27/01/2026,2417A,203,MORTERO SACO DE 25 KG,SACOS,10,OFICINA ,CONSTRUCCION
27/01/2026,2417B,129,CEMENTO GRIS HOLCIM 25KG,SACOS,5,OFICINA ,CONSTRUCCION
27/01/2026,2418,129,CEMENTO GRIS HOLCIM 25KG,SACOS,20,E6,BARDAS
27/01/2026,2418A,2,ADHESIVO PEGABLOCK SACO DE 40KG,SACOS,10,E6,BARDAS
27/01/2026,2418B,14,CAL SACO DE 25 KG,SACOS,5,E6,BARDAS
27/01/2026,2420,55,REGISTRO DE CONCRETO PARA ALUMBRADO 33X33X40 CM,PZA,2,BOULEVARD CENTRAL,ALUMBRADO
27/01/2026,2422,106,"ABRAZADERA DE PVC HIDRAULICO DE 4"" X 1/2"" DE DIAMETRO",PZA,100,MAGENTA ,HIDRAULICO
27/01/2026,2422A,67,"CONECTORES DE 20 MM ADAPTADOR DE PLASTICO MACHO PARA TUBO PAD DE 1/2""",PZA,100,MAGENTA ,HIDRAULICO
27/01/2026,2422B,65,TUBO RAMAL 20 MM AGUA POTABLE,ROLLO,5,MAGENTA ,HIDRAULICO
27/01/2026,2422C,229,SELLADORES DE ROSCA 118ML,PZA,2,MAGENTA ,HIDRAULICO
27/01/2026,2422D,168,"CINTA TEFLON 1/2""",PZA,27,MAGENTA ,HIDRAULICO
27/01/2026,2422E,297,PEGAMENTO TANGIT ALTA PRESION 475 ML ,PZA,2,MAGENTA ,HIDRAULICO
27/01/2026,2423,312,PLACA 6204W + CONTACTO,PZA,16,CASETAS E1 ,ELECTRICO 
27/01/2026,2423A,281,PLACA CIEGA BLANCO C/CHASIS SIMON 25,PZA,4,CASETAS E1 ,ELECTRICO 
27/01/2026,2423C,282,INTERRUPTOR SENCILLO 15A 127VCA,PZA,20,CASETAS E1 ,ELECTRICO 
27/01/2026,2423D,279,PLACA 1 MOD BLANCO C/CHASIS SIMON 25,PZA,8,CASETAS E1 ,ELECTRICO 
27/01/2026,2423E,280,PLACA 3 MOD BLANCO C/CHASIS SIMON 25,PZA,4,CASETAS E1 ,ELECTRICO 
27/01/2026,2423F,278,INTERRUPTOR TERMOMAGNETICO SQ 1 POLO 20A (QO120),PZA,16,CASETAS E1 ,ELECTRICO 
27/01/2026,2423G,277,INTERRUPTOR TERMOMAGNETICO SQ 1 POLO 15A (QO115),PZA,16,CASETAS E1 ,ELECTRICO 
27/01/2026,2424,256, YESO SUPREMO SACO DE 40 KG,SACOS,5,JADE,TH
27/01/2026,2419,21,ESCOMBRO FINO,M3,28,ACCESO NORTE ,BANQUETAS
27/01/2026,2421,204,COMBUSTIBLE,LTR,5,ACCESO NORTE ,BANQUETAS
27/01/2026,2426,204,COMBUSTIBLE,LTR,20,VEHICULO OFICIAL ,TACOMA
27/01/2026,2427,204,COMBUSTIBLE,LTR,62.52,VEHICULO OFICIAL ,RAM
27/01/2026,2429,21,ESCOMBRO FINO,M3,28,ACCESO NORTE ,BANQUETAS
27/01/2026,2428,267,REGISTRO POLIMERICO PARA REDES TELEFONICAS L2T ,PZA,1,SALVIA,VOZ Y DATOS 
27/01/2026,2425,129,CEMENTO GRIS HOLCIM 25KG,SACOS,10,AQUA,CASETA 
27/01/2026,2425A,203,MORTERO SACO DE 25 KG,SACOS,10,AQUA,CASETA 
28/01/2026,2430,14,CAL SACO DE 25 KG,SACOS,10,E6,BARDAS
28/01/2026,2430A,129,CEMENTO GRIS HOLCIM 25KG,SACOS,10,E6,BARDAS
28/01/2026,2431,14,CAL SACO DE 25 KG,SACOS,10,E6,BARDAS
28/01/2026,2431A,129,CEMENTO GRIS HOLCIM 25KG,SACOS,20,E6,BARDAS
28/01/2026,2432,203,MORTERO SACO DE 25 KG,SACOS,10,OFICINA ,ADMINISTRATIVA 
28/01/2026,2432A,38,ESTUCO SACO DE 40 KG,SACOS,10,OFICINA ,ADMINISTRATIVA 
28/01/2026,2435,204,COMBUSTIBLE,LTR,1,PIPA,AGUA
28/01/2026,2436,2,ADHESIVO PEGABLOCK SACO DE 40KG,SACOS,8,E6,BARDAS
28/01/2026,2436A,129,CEMENTO GRIS HOLCIM 25KG,SACOS,5,E6,BARDAS
28/01/2026,2437,204,COMBUSTIBLE,LTR,5,JADE,TH
28/01/2026,2438,5,ADHESIVO PORCELANICO GRIS SACO 20 KGS,SACOS,15,AQUA ,CASETA 
28/01/2026,2439,129,CEMENTO GRIS HOLCIM 25KG,SACOS,25,AMATISTA 2,CASETA 
28/01/2026,2440,38,ESTUCO SACO DE 40 KG,SACOS,10,AQUA,CASETA 
29/01/2026,2433,204,COMBUSTIBLE,LTR,20,MAGENTA ,HIDRAULICO 
29/01/2026,2433A,73,"YEE 4"" PARA DRENAJE PVC SERIE 25",PZA,6,MAGENTA ,HIDRAULICO 
29/01/2026,2433B,22,FILO DE SEGUETA,PZA,2,MAGENTA ,HIDRAULICO 
29/01/2026,2433C,230,PEGAMENTO OATEY PVC 473ML,PZA,2,MAGENTA ,HIDRAULICO 
29/01/2026,2434,76,"VALVULA DE SECCIONAMIENTO DE COMPUERTA DE VASTAGO FIJO DE 4""",PZA,3,MALVA ,HIDRAULICO 
29/01/2026,2434B,101,COPLE SANITARIO CEMENTAR 110MM,PZA,2,MALVA ,HIDRAULICO 
29/01/2026,2434D,117,"TAPON CAMPANA PVC HIDRAULICO DE 4"" DE DIAMETRO",PZA,2,MALVA ,HIDRAULICO 
29/01/2026,2434E,309,"TUERCA HEXAGONAL 5/8""",PZA,220,MALVA ,HIDRAULICO 
29/01/2026,2434F,81,"TORNILLO 5/8"" X 3 CAB HEX C/TCA",PZA,220,MALVA ,HIDRAULICO 
29/01/2026,2434G,310,"TORNILLO CABEZA HEXAGONAL 9/16""",PZA,140,MALVA ,HIDRAULICO 
29/01/2026,2434H,311,"TUERCA HEXAGONAL 9/16""",PZA,140,MALVA ,HIDRAULICO 
29/01/2026,2441,88,"TUBO PAD 2"" ROLLO DE 100 MTR COLOR AZUL C/GUIA",PZA,2,SALVIA,VOZ Y DATOS 
29/01/2026,2443,62,MASILLA FINA PERDURA,SACOS,5,JADE,TH
29/01/2026,2443A,227,KIMIPLASTER (BOLSA 20KG) KIMICOLOR GRIS OPICHEN,SACOS,5,JADE,TH
29/01/2026,2444,129,CEMENTO GRIS HOLCIM 25KG,SACOS,10,E6,BARDAS
29/01/2026,2444A,2,ADHESIVO PEGABLOCK SACO DE 40KG,SACOS,5,E6,BARDAS
29/01/2026,2444B,18,"CLAVO 2 1/2"" CONCRETO",KG,2,E6,BARDAS
29/01/2026,2444C,17,CLAVO 2 1/2 MADERA,KG,2,E6,BARDAS
29/01/2026,2444D,8,ALAMBRE RECOCIDO,KG,5,E6,BARDAS
29/01/2026,2445,2,ADHESIVO PEGABLOCK SACO DE 40KG,SACOS,10,E6,BARDAS
29/01/2026,2446,129,CEMENTO GRIS HOLCIM 25KG,SACOS,10,E6,BARDAS
29/01/2026,2447,65,TUBO RAMAL 20 MM AGUA POTABLE,ROLLO,4,MAGENTA ,HIDRAULICO 
29/01/2026,2447 A,229,SELLADORES DE ROSCA 118ML,PZA,1,MAGENTA ,HIDRAULICO 
29/01/2026,2447 B,67,"CONECTORES DE 20 MM ADAPTADOR DE PLASTICO MACHO PARA TUBO PAD DE 1/2""",PZA,100,MAGENTA ,HIDRAULICO 
29/01/2026,2447 C,106,"ABRAZADERA DE PVC HIDRAULICO DE 4"" X 1/2"" DE DIAMETRO",PZA,100,MAGENTA ,HIDRAULICO 
29/01/2026,2448,79,CRUZ 6 X 4 FOFO,PZA,3,CARMESI,HIDRAULICO
29/01/2026,2448A,307,"TEE BRIGADA FOFO DE 6"" X 6"" SIMEX",PZA,1,CARMESI,HIDRAULICO
29/01/2026,2448B,308,"REDUCCION FOFO 6"" X 4""",PZA,4,CARMESI,HIDRAULICO
29/01/2026,2448C,304,EXTREMIDAD CAMPANA HID ANGER SI 160MM,PZA,8,CARMESI,HIDRAULICO
29/01/2026,2448D,284,EXTREMIDAD CAMPANA HID ANGER SI 100MM,PZA,8,CARMESI,HIDRAULICO
29/01/2026,2448E,306,EMPAQUE NEOPRENO PARA BRIDA 150MM,PZA,2,CARMESI,HIDRAULICO 
29/01/2026,2448F,305,EMPAQUE NEOPRENO PARA BRIDA 100MM,PZA,8,CARMESI,HIDRAULICO 
29/01/2026,2448G,303,"VALVULA DE SECCIONAMIENTO DE COMPUERTA 6""",PZA,1,CARMESI,HIDRAULICO 
29/01/2026,2449,303,"VALVULA DE SECCIONAMIENTO DE COMPUERTA 6""",PZA,1,MALVA ,HIDRAULICO 
29/01/2026,2450,204,COMBUSTIBLE,LTR,20,VEHICULO,TACOMA
29/01/2026,2451,76,"VALVULA DE SECCIONAMIENTO DE COMPUERTA DE VASTAGO FIJO DE 4""",PZA,5,CARMESI,HIDRAULICO
29/01/2026,2452,2,ADHESIVO PEGABLOCK SACO DE 40KG,SACOS,15,E6,BARDAS
29/01/2026,2452A,129,CEMENTO GRIS HOLCIM 25KG,SACOS,10,E6,BARDAS
29/01/2026,2453,147,ASFALCRETO A (CIMENTACION COLOR NEGRO),CUBETAS,1,E6,BARDAS
29/01/2026,2453A,164,"BROCHA 4""",PZA,1,E6,BARDAS
29/01/2026,2453B,198, THINNER,LTR,1,E6,BARDAS
29/01/2026,2453C,129,CEMENTO GRIS HOLCIM 25KG,SACOS,10,E6,BARDAS
29/01/2026,2454,147,ASFALCRETO A (CIMENTACION COLOR NEGRO),CUBETAS,1,E6,BARDAS
29/01/2026,2454A,164,"BROCHA 4""",PZA,1,E6,BARDAS
29/01/2026,2454B,198, THINNER,LTR,1,E6,BARDAS
29/01/2026,2455,203,MORTERO SACO DE 25 KG,SACOS,10,OFICINA ,ADMINISTRATIVA
29/01/2026,2456,168,"CINTA TEFLON 1/2""",PZA,22,MAGENTA,HIDRAULICO
29/01/2026,2456A,325,"CINTA TEFLON 3/4""",PZA,10,MAGENTA ,HIDRAULICO 
29/01/2026,2458,326,TANQUE HIDRONEUMATICO ,PZA,1,E2,HIDRAULICO 
29/01/2026,2458A,327,TERMOENCOGIBLE #10,PZA,1,E2,HIDRAULICO 
29/01/2026,2458B,328,MANOMETRO GLISERINA 1/4,PZA,1,E2,HIDRAULICO 
29/01/2026,2458C,329,NEUMATICO TERMINAL 3050 ,PZA,1,E2,HIDRAULICO 
29/01/2026,2458D,330,CABLE SUMERGIBLE 3X10,MTS,20,E2,HIDRAULICO 
29/01/2026,2458E,331,MINI-INTERRUPTOR 2 POLOS ,PZA,1,E2,HIDRAULICO 
29/01/2026,2458F,332,"VALVULA CHECK EVANS 2 """,PZA,1,E2,HIDRAULICO 
29/01/2026,2458G,333,NIPLE GALVANIZADO 2 X 3,PZA,1,E2,HIDRAULICO 
29/01/2026,2458H,334,BOMBA SUMERGIBLE 1 F ,PZA,1,E2,HIDRAULICO 
29/01/2026,2459,66,"TUBERIA PVC HIDRAULICO DE 150MM 6"" DIAMETRO RD-32.5",PZA,3,CARMESI,HIDRAULICO
29/01/2026,2457,5,ADHESIVO PORCELANICO GRIS SACO 20 KGS,SACOS,10,AQUA,CASETA 
29/01/2026,2460,335,TORNILLO 3/4 X 3,PZA,16,CARMESI,HIDRAULICO
29/01/2026,2460A,336,TUERCA HEX GALVANIZADA 3/4,PZA,16,CARMESI,HIDRAULICO
29/01/2026,2460B,337,PLACA GALVANIZADA 3/4,PZA,640,CARMESI,HIDRAULICO
29/01/2026,2460C,338,ARANDELA A PRECION 3/4,PZA,16,CARMESI,HIDRAULICO
29/01/2026,2460D,339,REDUCCION BUSHIN GALVANIZADO 1/2 X 1/4PZ,PZA,2,CARMESI,HIDRAULICO
29/01/2026,2460E,340,"MANGO DE MADERA 36"" PARA ZAPATICOS 4 A 7B",PZA,4,CARMESI,HIDRAULICO
29/01/2026,2461,341,"ADAPTADOR MACHO HID 25MM 1""",PZA,2,OFICINA ,ADMINISTRATIVA
29/01/2026,2461A,282,INTERRUPTOR SENCILLO 15A 127VCA,PZA,4,OFICINA ,ADMINISTRATIVA
29/01/2026,2461B,342,PLACA 2 MODOS ROYER,PZA,2,OFICINA ,ADMINISTRATIVA
29/01/2026,2462,343,"TEE PVC HID 50MM  2""",PZA,3,E2,HIDRAULICO
29/01/2026,2462A,344,"CODO 90° PVC HID 50MM 2""",PZA,6,E2,HIDRAULICO
29/01/2026,2462B,345,"RED BUSHING HID 50MM A 25MM 2"" A 1""",PZA,2,E2,HIDRAULICO
29/01/2026,2462C,346,"RED BUSHING HID 50MM A 13MM 2"" A 1/2""",0,4,E2,HIDRAULICO
29/01/2026,2462D,347,"TUERCA UNION PVC HID CEM 2""",PZA,4,E2,HIDRAULICO
29/01/2026,2462E,348,"TUERCA UNION PVC HID CEM 1""",PZA,2,E2,HIDRAULICO
29/01/2026,2462F,349,"ADAPTADOR MACHO HID 50MM 2""",PZA,2,E2,HIDRAULICO
29/01/2026,2462G,351,"CODO 90° PVC HID 13MM 1/2""",PZA,4,E2,HIDRAULICO
29/01/2026,2462H,350,"CODO 90° PVC HID 25MM 1""",PZA,4,E2,HIDRAULICO
29/01/2026,2463,352,HAMAQUEROS PLATA DOBLE INOX,PZA,6,JADE,TH
29/01/2026,2463A,204,COMBUSTIBLE,LTR,5,JADE,TH
30/01/2026,2464,69,"TEE DE PVC HIDRAULICO DE 4"" X 4"" DE DIAMETRO",PZA,6,MAGENTA,HIDRAULICO 
30/01/2026,2464A,204,COMBUSTIBLE,LTR,20,MAGENTA,HIDRAULICO 
30/01/2026,2464B,157,"COPLE REPARACION HID SI 100MM4""",PZA,4,MAGENTA,HIDRAULICO 
30/01/2026,2464C,117,"TAPON CAMPANA PVC HIDRAULICO DE 4"" DE DIAMETRO",PZA,6,MAGENTA,HIDRAULICO 
30/01/2026,2465,66,"TUBERIA PVC HIDRAULICO DE 150MM 6"" DIAMETRO RD-32.5",PZA,6,CARMESI,HIDRAULICO 
30/01/2026,2466,129,CEMENTO GRIS HOLCIM 25KG,SACOS,10,ETAPA 4,BARDAS
30/01/2026,2467,129,CEMENTO GRIS HOLCIM 25KG,SACOS,10,ETAPA 4,BARDAS
30/01/2026,2468,129,CEMENTO GRIS HOLCIM 25KG,SACOS,15,ETAPA 4,BARDAS
30/01/2026,2468A,14,CAL SACO DE 25 KG,SACOS,10,ETAPA 4,BARDAS
30/01/2026,2469,129,CEMENTO GRIS HOLCIM 25KG,SACOS,5,ETAPA 6,BARDAS
30/01/2026,2469A,2,ADHESIVO PEGABLOCK SACO DE 40KG,SACOS,5,ETAPA 6,BARDAS
30/01/2026,2472,38,ESTUCO SACO DE 40 KG,SACOS,10,AQUA ,CASETA 
30/01/2026,2475,140,YEE SENCILLA ALCANTARILLADO HID 45G 160X160 INTECTADO CXCXC,PZA,10,CARMESI,SANTARIO 
30/01/2026,2476,70,"CODOS DE 45° DE 4"" PARA RED DE AGUA POTABLE PVC CON LIGA (CODO HID ANGER SI 45G X 100MM*)",PZA,4,MAGENTA,HIDRAULICO 
30/01/2026,2477,14,CAL SACO DE 25 KG,SACOS,6,TOPOGRAFO,TOPOGRAFO
30/01/2026,2477A,129,CEMENTO GRIS HOLCIM 25KG,SACOS,1,TOPOGRAFO,TOPOGRAFO
30/01/2026,2481,204,COMBUSTIBLE,LTR,15.62,VEHICULO,RAM
30/01/2026,2479,353,"RED BUSH PVC SANIT 100 A 50MM 4"" A 2""",PZA,2,E2,HIDRAULICO 
30/01/2026,2480,335,TORNILLO 3/4 X 3,PZA,100,E2,HIDRAULICO 
30/01/2026,2480A,356,TCA HER GALV 3/4,PZA,100,E2,HIDRAULICO 
30/01/2026,2480B,357,A. PLANA GALV 3/4,PZA,4,E2,HIDRAULICO 
30/01/2026,2480C,358,ARANDELA A PRESION 3/4,PZA,100,E2,HIDRAULICO 
30/01/2026,2473,5,ADHESIVO PORCELANICO GRIS SACO 20 KGS,SACOS,5,AQUA ,CASETA 
30/01/2026,2473A,204,COMBUSTIBLE,SACOS,3,AQUA ,CASETA 
30/01/2026,2474,199,BLOCK 15 X 20 X 40,PZA,1400,E6,BARDAS
30/01/2026,2470,203,MORTERO SACO DE 25 KG,SACOS,6,OFICINA ,ADMINISTRATIVA
30/01/2026,2470A,38,ESTUCO SACO DE 40 KG,SACOS,5,OFICINA ,ADMINISTRATIVA
30/01/2026,2478,352,HAMAQUEROS PLATA DOBLE INOX,PZA,6,JADE,TH
31/01/2026,2482,204,COMBUSTIBLE,LTR,20,VEHICULO,VEHICULO
31/01/2026,2483,140,YEE SENCILLA ALCANTARILLADO HID 45G 160X160 INTECTADO CXCXC,PZA,30,MAGNOLIA,DRENAJE
31/01/2026,2483A,98,"COPLE PVC ALCANTARILLADO 200 MM 8""",PZA,10,MAGNOLIA,DRENAJE
31/01/2026,2483B,94,"TUBO ALCANTARILLADO SERIE 25 6"" 160MM 6ML",PZA,22,MAGNOLIA,DRENAJE
31/01/2026,2483C,8,ALAMBRE RECOCIDO,KG,5,MAGNOLIA,DRENAJE
31/01/2026,2483D,93,YEE DE PVC ALCANTARILLADO DE 200 X 150MM,PZA,10,MAGNOLIA,DRENAJE
31/01/2026,2483E,97,"CODO ALCANTARILLADO 45° 150MM 6""",PZA,30,MAGNOLIA,DRENAJE
31/01/2026,2485,129,CEMENTO GRIS HOLCIM 25KG,SACOS,2,OFICINA ,ADMINISTRACION
31/01/2026,2485A,203,MORTERO SACO DE 25 KG,SACOS,2,OFICINA ,ADMINISTRACION
31/01/2026,2487,217,POSTES,PZA,1,SECRETARIA DE SEGURIDAD PUBLICA ,APOYO AUTORIZADO ING MARIO
31/01/2026,2488,204,COMBUSTIBLE,LTR,2,BOMBA,AGUA POTABLE 
31/01/2026,2486,199,BLOCK 15 X 20 X 40,PZA,1400,E4,BARDAS
31/01/2026,2489,207,POLVO DE PIEDRA,M3,14,E6,BARDAS
31/01/2026,2489A,24,GRAVA DE PIEDRA,M3,14,E6,BARDAS
31/01/2026,2490,21,ESCOMBRO FINO,M3,14,ACCESO NORTE,BANQUETAS
02/02/2026,2491,2,ADHESIVO PEGABLOCK SACO DE 40KG,SACOS,20,ACCESO NORTE,BANQUETAS
02/02/2026,2492,204,COMBUSTIBLE,LTR,62.52,VEHICULO,RAM
02/02/2026,2493,204,COMBUSTIBLE,LTR,20,VEHICULO ,TACOMA 
02/02/2026,2494,129,CEMENTO GRIS HOLCIM 25KG,SACOS,30,E6,BARDAS
02/02/2026,2494A,14,CAL SACO DE 25 KG,SACOS,15,E6,BARDAS
02/02/2026,2495,2,ADHESIVO PEGABLOCK SACO DE 40KG,SACOS,30,MALVA,CASETA 
02/02/2026,2495A,38,ESTUCO SACO DE 40 KG,SACOS,3,MALVA,CASETA 
02/02/2026,2495B,129,CEMENTO GRIS HOLCIM 25KG,SACOS,5,MALVA,CASETA 
02/02/2026,2495C,203,MORTERO SACO DE 25 KG,SACOS,10,MALVA,CASETA 
02/02/2026,2500,230,PEGAMENTO OATEY PVC 473ML,PZA,4,MAGNOLIA,HIDRAULICO
02/02/2026,2500A,204,COMBUSTIBLE,LTR,20,MAGNOLIA,HIDRAULICO
02/02/2026,2497,5,ADHESIVO PORCELANICO GRIS SACO 20 KGS,SACOS,5,AQUA,CASETA 
02/02/2026,2498,129,CEMENTO GRIS HOLCIM 25KG,SACOS,8,E4,BARDAS
02/02/2026,2498A,8,ALAMBRE RECOCIDO,KG,10,E4,BARDAS
02/02/2026,2496,19,"CLAVO DE 4"" MADERA",KG,5,AMATISTA 2,CASETA 
02/02/2026,2496A,17,CLAVO 2 1/2 MADERA,KG,5,AMATISTA 2,CASETA 
02/02/2026,2496B,8,ALAMBRE RECOCIDO,KG,20,AMATISTA 2,CASETA 
02/02/2026,2499,14,CAL SACO DE 25 KG,SACOS,2,TODAS ,GASTO DE OBRA
03/02/2026,2501,147,ASFALCRETO A (CIMENTACION COLOR NEGRO),CUBETAS,1,E6,BARDAS
03/02/2026,2501A,164,"BROCHA 4""",PZA,1,E6,BARDAS
03/02/2026,2501B,198, THINNER,LTR,1,E6,BARDAS
03/02/2026,2502,225,"TUBO PVC PESADO DE 1 1/4"" 32 MM ",PZA,20,MALVA,VOZ Y DATOS 
03/02/2026,2502A,48,"POLIDUCTO AZUL 3/4"" MARCA TUPSSAFLEX",ROLLO,1,MALVA,VOZ Y DATOS 
03/02/2026,2502B,211,POLIFLEX 3/4 50mtr,ROLLO,3,MALVA,VOZ Y DATOS 
03/02/2026,2502C,226,CODO CONDUIT PESADO 32MM,PZA,4,MALVA,VOZ Y DATOS 
03/02/2026,2503,129,CEMENTO GRIS HOLCIM 25KG,SACOS,20,E4,BARDAS
03/02/2026,2504,129,CEMENTO GRIS HOLCIM 25KG,SACOS,21,OFICINA ,CONTRUCCION 
03/02/2026,2504A,18,"CLAVO 2 1/2"" CONCRETO",KG,1,OFICINA ,CONTRUCCION 
03/02/2026,2504B,19,"CLAVO DE 4"" MADERA",KG,1,OFICINA ,CONTRUCCION 
03/02/2026,2505,2,ADHESIVO PEGABLOCK SACO DE 40KG,SACOS,15,AMATISTA 2,CASETA 
03/02/2026,2507,21,ESCOMBRO FINO,M3,30,MALVA,BANQUETAS
03/02/2026,2507A,21,ESCOMBRO FINO,M3,14,MALVA,BANQUETAS
03/02/2026,2507B,21,ESCOMBRO FINO,M3,14,MALVA,BANQUETAS
03/02/2026,2508,140,YEE SENCILLA ALCANTARILLADO HID 45G 160X160 INTECTADO CXCXC,PZA,40,MAGENTA,SANITARIO
03/02/2026,2509,212,"TUBERIA PAD 3"" COLOR ROJO TUPSAFLEX",ROLLO,1,MALVA ,VOZ Y DATOS 
03/02/2026,2510,21,ESCOMBRO FINO,M3,30,MALVA,BANQUETAS
03/02/2026,2510A,21,ESCOMBRO FINO,M3,14,MALVA,BANQUETAS
03/02/2026,2510B,21,ESCOMBRO FINO,M3,14,MALVA,BANQUETAS
03/02/2026,2511,12,BLOCK 10 X 20 X 40,PZA,1500,BOULEVARD CENTRAL,CAMELLON CENTRAL
03/02/2026,2512,232,BOVEDILLA DE 30 X 25 X 56,PZA,100,AMATISTA 2,CASETA 
03/02/2026,2513,200,ARMEX 15-15-4,PZA,100,E6,BARDAS
03/02/2026,2514,204,COMBUSTIBLE,LTR,5,GASTO DE OBRA,GASTO DE OBRA
04/02/2026,2515,14,CAL SACO DE 25 KG,SACOS,1,TOPOGRAFIA ,TOPOGRAFIA 
04/02/2026,2516,14,CAL SACO DE 25 KG,SACOS,2,TOPOGRAFIA ,TOPOGRAFIA 
04/02/2026,2516A,40,TRIPLAY CIMBRAPLAY DE 1.22X2.44X16 MM ,PZA,1,TOPOGRAFIA ,TOPOGRAFIA 
04/02/2026,2517,2,ADHESIVO PEGABLOCK SACO DE 40KG,SACOS,20,BOULEVARD ,CAMELLON CENTRAL E2
04/02/2026,2517A,50,"VARILLA DE 3/8""",PZA,5,BOULEVARD ,CAMELLON CENTRAL E2
04/02/2026,2520,2,ADHESIVO PEGABLOCK SACO DE 40KG,SACOS,20,E4,BARDAS
04/02/2026,2520A,129,CEMENTO GRIS HOLCIM 25KG,SACOS,20,E4,BARDAS
04/02/2026,2521,50,"VARILLA DE 3/8""",PZA,20,AMATISTA ,CASETA 2
04/02/2026,2521A,51,"VARILLA DE 5/8""",PZA,10,AMATISTA ,CASETA 2
04/02/2026,2522,204,COMBUSTIBLE,LTR,5,JADE,TH
04/02/2026,2523,204,COMBUSTIBLE,LTR,2,JADE,TH
04/02/2026,2524,129,CEMENTO GRIS HOLCIM 25KG,SACOS,12,E6,BARDAS
04/02/2026,2524A,275,CEMENTO GRIS HOLCIM 50KG,SACOS,4,E6,BARDAS
04/02/2026,2524B,8,ALAMBRE RECOCIDO,KG,10,E6,BARDAS
04/02/2026,2525,94,"TUBO ALCANTARILLADO SERIE 25 6"" 160MM 6ML",PZA,15,MAGENTA ,SANITARIO 
04/02/2026,2525A,204,COMBUSTIBLE,LTR,18,MAGENTA ,SANITARIO 
04/02/2026,2526,97,"CODO ALCANTARILLADO 45° 150MM 6""",PZA,10,MAGNOLIA ,SANITARIO 
04/02/2026,2526A,98,"COPLE PVC ALCANTARILLADO 200 MM 8""",PZA,10,MAGNOLIA ,SANITARIO 
04/02/2026,2526B,93,YEE DE PVC ALCANTARILLADO DE 200 X 150MM,PZA,10,MAGNOLIA ,SANITARIO 
04/02/2026,2527,2,ADHESIVO PEGABLOCK SACO DE 40KG,SACOS,20,MALVA ,CASETA 
04/02/2026,2528,38,ESTUCO SACO DE 40 KG,SACOS,5,AQUA,CASETA 
04/02/2026,2529,8,ALAMBRE RECOCIDO,KG,5,MALVA,BANQUETAS
04/02/2026,2529A,49,"VARILLA DE 1/2""",PZA,6,MALVA,BANQUETAS
04/02/2026,2529B,30,PERFIL TUBULAR GALV 4 X 1 1/2,PZA,15,MALVA,BANQUETAS
04/02/2026,2530,2,ADHESIVO PEGABLOCK SACO DE 40KG,SACOS,20,BOULEVARD ,CAMELLON CENTRAL E2
04/02/2026,2531,62,MASILLA FINA PERDURA,SACOS,10,OFICINA ,ADMINISTRATIVA 
04/02/2026,2533,204,COMBUSTIBLE,LTR,41.62,VEHICULO,RAM 
04/02/2026,2537,204,COMBUSTIBLE,LTR,5,VEHCULO,CUATRIMOTO
04/02/2026,2539,19,"CLAVO DE 4"" MADERA",KG,2,MALVA,BANQUETAS
04/02/2026,2539A,18,"CLAVO 2 1/2"" CONCRETO",KG,2,MALVA,BANQUETAS
04/02/2026,2540,5,ADHESIVO PORCELANICO GRIS SACO 20 KGS,SACOS,10,JADE,TH
04/02/2026,2541,2,ADHESIVO PEGABLOCK SACO DE 40KG,SACOS,20,MALVA,BANQUETA 
04/02/2026,2535,12,BLOCK 10 X 20 X 40,PZA,1500,BOULEVARD ,CAMELLON CENTRAL E2
04/02/2026,2538,204,COMBUSTIBLE,LTR,5,GENERADOR ,GENERADOR 
04/02/2026,2542,21,ESCOMBRO FINO,M3,72,MALVA,BANQUETAS
04/02/2026,2534,21,ESCOMBRO FINO,M3,60,MALVA,BANQUETAS
04/02/2026,2518,227,KIMIPLASTER (BOLSA 20KG) KIMICOLOR GRIS OPICHEN,SACOS,3,JADE,TH
04/02/2026,2536,204,COMBUSTIBLE,LTR,10,REPOSICION DE COMBUST,POR MOVER MATERIAL
04/02/2026,2519,361,"TUERCA UNION PVC 50 ML 2""",PZA,4,MALVA,HIDRAULICO
04/02/2026,2519A,359,"TUBERIA PVC HID 25 ML 2""",PZA,3,MALVA,HIDRAULICO
04/02/2026,2519B,360,TUBERIA PVC HID 13 MM 1/2,PZA,3,MALVA,HIDRAULICO
05/02/2026,2543,275,CEMENTO GRIS HOLCIM 50KG,SACOS,15,E6,BARDAS
05/02/2026,2544,2,ADHESIVO PEGABLOCK SACO DE 40KG,SACOS,10,E4,BARDAS
05/02/2026,2544A,275,CEMENTO GRIS HOLCIM 50KG,SACOS,5,E4,BARDAS
05/02/2026,2545,275,CEMENTO GRIS HOLCIM 50KG,SACOS,10,E4,BARDAS
05/02/2026,2546,275,CEMENTO GRIS HOLCIM 50KG,SACOS,10,AMATISTA 2,CASETA 
05/02/2026,2547,2,ADHESIVO PEGABLOCK SACO DE 40KG,SACOS,30,BOULEVARD ,CAMELLON CENTRAL E2
05/02/2026,2548,204,COMBUSTIBLE,LTR,5,JADE,TH
05/02/2026,2549,21,ESCOMBRO FINO,M3,30,MALVA,BANQUETAS
05/02/2026,2550,2,ADHESIVO PEGABLOCK SACO DE 40KG,SACOS,30,MAGNOLIA,BANQUETAS
05/02/2026,2552,275,CEMENTO GRIS HOLCIM 50KG,SACOS,8,MALVA,CAJA DE VALVULAS 
05/02/2026,2552A,2,ADHESIVO PEGABLOCK SACO DE 40KG,SACOS,20,MALVA,CAJA DE VALVULAS 
05/02/2026,2552B,8,ALAMBRE RECOCIDO,KG,10,MALVA,CAJA DE VALVULAS 
05/02/2026,2552C,17,CLAVO 2 1/2 MADERA,KG,5,MALVA,CAJA DE VALVULAS 
05/02/2026,2552D,40,TRIPLAY CIMBRAPLAY DE 1.22X2.44X16 MM ,PZA,4,MALVA,CAJA DE VALVULAS 
05/02/2026,2552E,21,ESCOMBRO FINO,M3,30,MAGNOLIA,BANQUETAS
05/02/2026,2553,203,MORTERO SACO DE 25 KG,SACOS,20,E6,BARDAS
05/02/2026,2554,315,CARTUCHO GAS BUTANO,PZA,2,MAGENTA,HIDRAULICO
05/02/2026,2554A,297,PEGAMENTO TANGIT ALTA PRESION 475 ML ,PZA,2,MAGENTA,HIDRAULICO
05/02/2026,2555,204,COMBUSTIBLE,LTR,2,MALVA ,CASETA 
05/02/2026,2556,204,COMBUSTIBLE,LTR,2,BOMBA DE AGUA ,E1
05/02/2026,2558,199,BLOCK 15 X 20 X 40,PZA,1400,E6,BARDAS
05/02/2026,2559,21,ESCOMBRO FINO,M3,28,BOULEVARD ,CAMELLON CENTRAL 
05/02/2026,2560,21,ESCOMBRO FINO,M3,30,MAGNOLIA,CASETA 
05/02/2026,2561,21,ESCOMBRO FINO,M3,30,MALVA ,CASETA 
05/02/2026,2562,140,YEE SENCILLA ALCANTARILLADO HID 45G 160X160 INTECTADO CXCXC,PZA,36,MAGENTA ,SANITARIO
05/02/2026,2563,94,"TUBO ALCANTARILLADO SERIE 25 6"" 160MM 6ML",PZA,36,MAGNOLIA,SANITARIO
05/02/2026,2564,21,ESCOMBRO FINO,M3,28,MALVA,BANQUETAS
05/02/2026,2565,21,ESCOMBRO FINO,M3,14,MAGNOLIA ,BANQUETAS
05/02/2026,2569,21,ESCOMBRO FINO,M3,14,MAGNOLIA ,BANQUETAS
